school,level,province,city,college,code,direction,score26,score25,plan26,exam4,source,url,note,region,dirName,delta,tier
中南大学,985,湖南,长沙,自动化学院,085400,电子信息（控制方向）,405,,54,,媒体整理,https://www.163.com/dy/article/KOQ0FSAI0553T4Y3.html,拟招121人（含推免及专项），统考54人,华中,电子信息(大类),,极难
中南大学,985,湖南,长沙,电子信息学院,085400,电子信息（各方向统一划线）,400,,17,,官网复试方案,https://ima.qq.com/wiki/?shareId=a8f54ff25963d562f0b1c66dca221806cb4648cc8456ef3df727974d5603e432&mediaId=pdf_2c05161fa28950c0a275925fe16151cf_c4898919d2c082fa752ce4674867912e7505102176786184,全日制拟招17人，非全日制另拟招8人,华中,电子信息(大类),,极难
江南大学,211,江苏,无锡,自动化与智能科学学院（原物联网工程学院）,085406,控制工程,399,322,,,官网,https://yz.jiangnan.edu.cn/info/1029/3750.htm,单科35/53,华东,控制工程,77,极难
湖南大学,985,湖南,长沙,电气与信息工程学院,085400,电子信息,397,,32,,官网复试方案,https://eeit.hnu.edu.cn/info/1184/10963.htm,招生计划含普通少干2名、南疆少干2名、士兵1名,华中,电子信息(大类),,极难
南开大学,985,天津,天津,人工智能学院,085400,控制工程,395,,28,,院系官网,https://ai.nankai.edu.cn/info/1024/6485.htm,控制工程与人工智能两个方向合计计划28人,华北,电子信息(大类),,极难
南开大学,985,天津,天津,人工智能学院,085400,人工智能,395,,,,院系官网,https://ai.nankai.edu.cn/info/1024/6485.htm,控制工程与人工智能两个方向合计计划28人,华北,电子信息(大类),,极难
合肥工业大学,211,安徽,合肥,电气与自动化工程学院,085406,控制工程,394,,,,官网,https://yjszs.hfut.edu.cn/2026/0320/c13524a317912/page.htm,,华东,控制工程,,极难
苏州大学,211,江苏,苏州,电子信息学院,085401,新一代电子信息技术(含量子技术等),393,338,17,837信号系统与数字逻辑,院系官网,https://dzxx.suda.edu.cn/8d/b4/c8244a691636/page.htm,拟公开招考人数17,华东,新一代电子信息技术,55,极难
东南大学,985,江苏,南京,信息科学与工程学院,085400,04信号与信息处理,393,354,,,官网,https://yzb.seu.edu.cn/2026/0928/c6674a584558/page.htm,,华东,电子信息(大类),39,极难
浙江大学,985,浙江,杭州,控制科学与工程学院,085400,控制工程,393,,75,,院系官网,http://cse.zju.edu.cn/2026/0320/c39336a3142750/page.htm,含校企融合/湖州研究院/湖州工控院/海洋风电/城市学院联培/宁波理工联培等项目,华东,电子信息(大类),,极难
苏州大学,211,江苏,苏州,电子信息学院,085402,通信工程(含宽带网络、移动通信等),391,349,10,837信号系统与数字逻辑,院系官网,https://dzxx.suda.edu.cn/8d/b4/c8244a691636/page.htm,拟公开招考人数10,华东,通信工程,42,极难
东南大学,985,江苏,南京,自动化学院,085400,不区分研究方向,391,,,,官网,https://yzb.seu.edu.cn/2026/0928/c6674a584558/page.htm,,华东,电子信息(大类),,极难
南京理工大学,211,江苏,南京,电子工程与光电技术学院,085402,通信工程（含宽带网络、移动通信等）,390,,,818 信号、系统与数字电路,官网,https://m.gaodun.com/kaoyan/1777786.html,,华东,通信工程,,极难
武汉理工大学,211,湖北,武汉,信息工程学院,085400,(01) 武汉方向,390,,99,855 信号与系统,媒体整理,https://mtoutiao.xdf.cn/kaoyan/202609/15398298.html,学院官方细则口径，差额约1.3倍,华中,电子信息(大类),,极难
东南大学,985,江苏,南京,信息科学与工程学院,085400,03通信与信息系统,390,361,,,官网,https://yzb.seu.edu.cn/2026/0928/c6674a584558/page.htm,,华东,电子信息(大类),29,极难
武汉大学,985,湖北,武汉,地球与空间科学技术学院,085400,电子信息,390,,,,媒体整理,https://m.eduego.com/school26/fsx/3648.html,,华中,电子信息(大类),,极难
武汉大学,985,湖北,武汉,电子信息学院,085400,电子信息,390,,,,媒体整理,https://m.eduego.com/school26/fsx/3648.html,,华中,电子信息(大类),,极难
西北工业大学,985,陕西,西安,航海学院,085401,智能信息感知与通信工程,390,,21,,院系官网,https://hanghai.nwpu.edu.cn/info/1548/25512.htm,,西北,新一代电子信息技术,,极难
西北工业大学,985,陕西,西安,航海学院,085406,控制工程（不区分研究方向）,390,,12,,院系官网,https://hanghai.nwpu.edu.cn/info/1548/25512.htm,,西北,控制工程,,极难
西北工业大学,985,陕西,西安,航海学院,085406,控制工程（宁波基地）,390,,5,,院系官网,https://hanghai.nwpu.edu.cn/info/1548/25512.htm,宁波基地,西北,控制工程,,极难
西安交通大学,985,陕西,西安,电子与信息学部-自动化科学与工程学院,085406,控制工程,390,,,,院系官网,https://automation.xjtu.edu.cn/info/1009/2313.htm,,西北,控制工程,,极难
东南大学,985,江苏,南京,信息科学与工程学院,085400,01电路与系统,386,356,,,官网,https://yzb.seu.edu.cn/2026/0928/c6674a584558/page.htm,,华东,电子信息(大类),30,极难
中国石油大学(北京),211,北京,北京,人工智能学院,085406,控制工程,385,,12,,官网,https://cup.edu.cn/cupai/tzgg/81c94e57b3e542e19e16ac3eab2963a7.htm,含海南专项6人,华北,控制工程,,极难
中南大学,985,湖南,长沙,卓越工程师学院,085401,新一代电子信息技术（含量子技术等）,385,,,,官网复试方案,https://ima.qq.com/wiki/?shareId=a8f54ff25963d562f0b1c66dca221806cb4648cc8456ef3df727974d5603e432&mediaId=pdf_2c05161fa28950c0a275925fe16151cf_b0b51a14dc822bf98d589ffbf23fd1517505102176786184,,华中,新一代电子信息技术,,极难
中南大学,985,湖南,长沙,计算机学院,085400,计算机技术/人工智能/大数据技术与工程/网络与信息安全/软件工程,385,,79,408 计算机学科专业基础,官网复试方案,https://cse.csu.edu.cn/info/1040/11126.htm,专业目录另记为81人；专业课部分资料记为942计算机基础综合,华中,电子信息(大类),,极难
西北工业大学,985,陕西,西安,电子信息学院,085401,新一代电子信息技术（含量子技术等）,385,,53,,院系官网,https://dianzi.nwpu.edu.cn/info/1507/42291.htm,剩余计划（不含推免）,西北,新一代电子信息技术,,极难
西安交通大学,985,陕西,西安,电子与信息学部-信息与通信工程学院,085400,电子信息,385,,,,院系官网,https://dice.xjtu.edu.cn/info/1009/3426.htm,,西北,电子信息(大类),,极难
华东理工大学,211,上海,上海,信息科学与工程学院,085406,控制工程（01不区分研究方向）,383,324,159,816控制原理,媒体整理,https://yz.kaoyan365.cn/zhaosheng/161083.html,2026年院线；单科50/50/90/90,华东,控制工程,59,极难
武汉理工大学,211,湖北,武汉,信息工程学院,085400,(02) 襄阳示范区专项,383,,60,855 信号与系统,媒体整理,https://mtoutiao.xdf.cn/kaoyan/202609/15398298.html,1+2培养模式,华中,电子信息(大类),,极难
北京大学,985,北京,北京,软件与微电子学院,085400,金融科技,383,,,,院系官网,https://ss.pku.edu.cn/zsxx/zstz/007b614356c247a897f5adbbb6494f3f.htm,,华北,电子信息(大类),,极难
江南大学,211,江苏,无锡,光电信息与物理科学学院（原理学院）,085408,光电信息工程,382,325,,,官网,https://yz.jiangnan.edu.cn/info/1029/3750.htm,单科35/53,华东,光电信息工程,57,极难
福州大学,211,福建,福州,物理与信息工程学院,085401,新一代电子信息技术（含量子技术等）,382,,56,866信号与系统,媒体整理,https://blog.csdn.net/mengmajiaoyu/article/details/163706715,2026年院线；一志愿录取88人,华东,新一代电子信息技术,,极难
中山大学,985,广东,深圳,电子与通信工程学院,085400,电子信息,382,,31,884信号与系统,媒体整理,https://m-jixun.iqihang.com/index.php?a=show&catid=1587&id=794361,深圳校区,华南,电子信息(大类),,极难
清华大学,985,北京,北京,自动化系,085400,大数据工程,382,,,,媒体整理,https://www.chinakaoyan.com/graduate/info/nid/669987/schoolID/84.shtml,,华北,电子信息(大类),,极难
吉林大学,985,吉林,长春,电子科学与工程学院,085401,新一代电子信息技术（含量子技术等）,381,365,36,,院系官网,https://ee.jlu.edu.cn/info/1038/9419.htm,招生计划为不含推免指标数,东北,新一代电子信息技术,16,极难
南京理工大学,211,江苏,南京,微电子学院（集成电路学院）,085401,新一代电子信息技术（含量子技术等）,380,,,,官网,https://m.gaodun.com/kaoyan/1777786.html,复试线380，实际录取均分约412,华东,新一代电子信息技术,,极难
中南大学,985,湖南,长沙,卓越工程师学院,085411,大数据技术与工程,380,,,,官网复试方案,https://ima.qq.com/wiki/?shareId=a8f54ff25963d562f0b1c66dca221806cb4648cc8456ef3df727974d5603e432&mediaId=pdf_2c05161fa28950c0a275925fe16151cf_b0b51a14dc822bf98d589ffbf23fd1517505102176786184,,华中,大数据技术与工程,,极难
中山大学,985,广东,广州,电子与信息工程学院,085400,电子信息,380,,,,媒体整理,https://www.tongxinkaoyan.com/28124.html,,华南,电子信息(大类),,极难
北京航空航天大学,985,北京,北京,医工交叉学科群,085409,生物医学工程,380,,17,,院系官网,https://bme.buaa.edu.cn/,,华北,生物医学工程,,极难
哈尔滨工业大学,985,黑龙江,哈尔滨,电子与信息工程学院,085400,信息与通信工程方向,380,,,,院系官网,https://seie.hit.edu.cn/2026/0322/c17148a388670/page.htm,本部,东北,电子信息(大类),,极难
哈尔滨工业大学,985,黑龙江,哈尔滨,电子与信息工程学院,085400,电磁场方向,380,,,,院系官网,https://seie.hit.edu.cn/2026/0322/c17148a388670/page.htm,本部,东北,电子信息(大类),,极难
哈尔滨工业大学,985,黑龙江,哈尔滨,电子与信息工程学院,085400,信息与通信工程方向（郑州基地）,380,,,,院系官网,https://seie.hit.edu.cn/2026/0322/c17148a388670/page.htm,郑州基地,东北,电子信息(大类),,极难
哈尔滨工业大学,985,黑龙江,哈尔滨,电子与信息工程学院,085400,信息与通信工程方向（苏州基地）,380,,,,院系官网,https://seie.hit.edu.cn/2026/0322/c17148a388670/page.htm,苏州基地,东北,电子信息(大类),,极难
哈尔滨工业大学,985,黑龙江,哈尔滨,电子与信息工程学院,085400,电磁场与微波技术方向（重庆基地）,380,,,,院系官网,https://seie.hit.edu.cn/2026/0322/c17148a388670/page.htm,重庆基地,东北,电子信息(大类),,极难
哈尔滨工业大学,985,黑龙江,哈尔滨,电子与信息工程学院,085400,电子信息（深圳校区）,380,,38,,院系官网,https://seie.hit.edu.cn/2026/0322/c17148a388670/page.htm,深圳校区,东北,电子信息(大类),,极难
哈尔滨工业大学,985,黑龙江,哈尔滨,电子与信息工程学院,085400,电子信息（威海校区）,380,,42,,院系官网,https://seie.hit.edu.cn/2026/0322/c17148a388670/page.htm,威海校区,东北,电子信息(大类),,极难
中山大学,985,广东,广州,计算机学院,085404,计算机技术（全日制）,379,,49,,院系官网,https://cse.sysu.edu.cn/article/3475,,华南,计算机技术,,很难
中国石油大学(华东),211,山东,青岛,海洋与空间信息学院,085401,新一代电子信息技术(含量子技术等),378,,21,,院系官网,https://ocean.upc.edu.cn/_upload/article/files/5c/fa/3054eca5402c81fa8d187922bd48/d7350596-86f0-4e94-9319-6fb9941fb9c8.pdf,学院2026年复试细则原文；另有科教融合创新实验班1人、少干1人、退役专项1人,华东,新一代电子信息技术,,很难
北京工业大学,211,北京,北京,信息科学技术学院,085402,通信工程（含宽带网络、移动通信等）,378,340,45,822 信号与系统,官网,https://yanzhao.bjut.edu.cn/info/1712/18081.htm,score25为机构整理值(2025年340)，非官网,华北,通信工程,38,很难
北京大学,985,北京,北京,软件与微电子学院,085400,软件工程、人工智能、网络与信息安全、新兴交叉学科,378,,,,院系官网,https://ss.pku.edu.cn/zsxx/zstz/007b614356c247a897f5adbbb6494f3f.htm,,华北,电子信息(大类),,很难
北京大学,985,北京,北京,软件与微电子学院,085400,集成电路工程,378,,,,院系官网,https://ss.pku.edu.cn/zsxx/zstz/007b614356c247a897f5adbbb6494f3f.htm,,华北,电子信息(大类),,很难
河海大学,211,江苏,南京,计算机与软件学院,085400,电子信息（计算机方向）,377,346,,408计算机学科专业基础,媒体整理,https://jixun.iqihang.com/index.php?a=show&catid=1723&id=804289,2026年院线；进复试47人录取41人,华东,电子信息(大类),31,很难
浙江大学,985,浙江,杭州,计算机科学与技术学院,085400,计算机技术,377,,88,,院系官网,http://www.cs.zju.edu.cn/csen/2026/0318/c27010a3141869/page.htm,,华东,电子信息(大类),,很难
浙江大学,985,浙江,杭州,计算机科学与技术学院,085400,网络与信息安全,377,,14,,院系官网,http://www.cs.zju.edu.cn/csen/2026/0318/c27010a3141869/page.htm,,华东,电子信息(大类),,很难
东华大学,211,上海,上海,信息与智能科学学院,085410,人工智能,376,265,,878数据结构,官网,https://yjszs.dhu.edu.cn/2026/0320/c7128a372739/page.htm,2026年校线；单科35/53,华东,人工智能,111,很难
河海大学,211,江苏,南京,人工智能与自动化学院,085400,电子信息（01方向）,376,,,,媒体整理,https://m.okaoyan.com/hehaidaxue/fenshuxian_981687.html,2026年按方向单独划线,华东,电子信息(大类),,很难
福州大学,211,福建,福州,计算机与大数据学院,085404,计算机技术,376,,,408计算机学科专业基础,媒体整理,https://noobdream.com/schoolinfo/53,2026年院线；拟录取最低分377,华东,计算机技术,,很难
南京信息工程大学,双非,江苏,南京,南信大浦口经开区创新港研究生培养基地,085401,新一代电子信息技术(含量子技术等),376,,,,院系官网,https://dxy.nuist.edu.cn/info/1076/6356.htm,异地研究院基地,华东,新一代电子信息技术,,很难
南京信息工程大学,双非,江苏,南京,电子与信息工程学院,085401,新一代电子信息技术(含量子技术等),376,,,,院系官网,https://dxy.nuist.edu.cn/info/1076/6356.htm,双一流(大气科学)；信息类最热,华东,新一代电子信息技术,,很难
东南大学,985,江苏,南京,电子科学与工程学院,085400,不区分研究方向,375,,,,官网,https://yzb.seu.edu.cn/2026/0928/c6674a584558/page.htm,,华东,电子信息(大类),,很难
东南大学,985,江苏,南京,软件学院,085405,软件工程,375,,,,官网,https://yzb.seu.edu.cn/2026/0928/c6674a584558/page.htm,,华东,软件工程,,很难
西北工业大学,985,陕西,西安,自动化学院,085406,控制工程,375,,36,,院系官网,https://zdhxy.nwpu.edu.cn/info/1042/33323.htm,剩余计划（不含推免）,西北,控制工程,,很难
西北工业大学,985,陕西,西安,航海学院,085401,智能信息与电子工程,375,,18,,院系官网,https://hanghai.nwpu.edu.cn/info/1548/25512.htm,,西北,新一代电子信息技术,,很难
西北工业大学,985,陕西,西安,计算机学院,085404,计算机技术,375,,71,,院系官网,https://jsj.nwpu.edu.cn/info/1599/29115.htm,剩余计划（不含推免）,西北,计算机技术,,很难
西北工业大学,985,陕西,西安,软件学院,085405,软件工程（全日制）,375,,102,,院系官网,https://ruanjian.nwpu.edu.cn/info/1133/14566.htm,剩余计划（不含推免）,西北,软件工程,,很难
湖南师范大学,211,湖南,长沙,信息科学与工程学院,085402,通信工程(含宽带网络、移动通信等),373,,21,997 信号与系统,官网复试方案,https://m-jixun.iqihang.com/fuwu/zyjx/2024747605.html,学院2026年复试分数线及招生计划,华中,通信工程,,很难
长安大学,211,陕西,西安,信息工程学院,085401,新一代电子信息技术（含量子技术等）,373,,27,,官网,https://it.chd.edu.cn/info/1013/1793.htm,学院复试细则复试线373；plan26为媒体整理的不含推免数,西北,新一代电子信息技术,,很难
东北大学,985,辽宁,沈阳,计算机科学与工程学院,085404,计算机技术,373,,,408 计算机学科专业基础,媒体整理,https://www.jiaoyubao.cn/news/n276542.html,含秦皇岛分校、佛山等方向分别录取,东北,计算机技术,,很难
浙江大学,985,浙江,杭州,软件学院,085400,软件工程,373,,125,,院系官网,http://www.cst.zju.edu.cn/2026/0317/c32178a3141657/page.htm,宁波校区办学,华东,电子信息(大类),,很难
浙江大学,985,浙江,杭州,软件学院,085400,人工智能,373,,77,,院系官网,http://www.cst.zju.edu.cn/2026/0317/c32178a3141657/page.htm,宁波校区办学；另有人工智能（校企融合专项）8人,华东,电子信息(大类),,很难
北京工业大学,211,北京,北京,信息科学技术学院,085406,控制工程,371,,,,官网,https://yanzhao.bjut.edu.cn/info/1712/18081.htm,,华北,控制工程,,很难
河海大学,211,江苏,南京,信息科学与工程学院,085400,电子信息（02方向 通信与集成电路工程）,371,,,863信号与系统,媒体整理,https://m.okaoyan.com/hehaidaxue/fenshuxian_981687.html,2026年按方向单独划线,华东,电子信息(大类),,很难
四川大学,985,四川,成都,电气工程学院,085400,电子信息,371,,29,,院系官网,https://m-jixun.iqihang.com/index.php?a=show&catid=21&id=796804,学院在校线360基础上上调至371；录取29人,西南,电子信息(大类),,很难
南京信息工程大学,双非,江苏,南京,电子与信息工程学院,085402,通信工程(含宽带网络、移动通信等),371,,,,院系官网,https://dxy.nuist.edu.cn/info/1076/6356.htm,,华东,通信工程,,很难
深圳大学,双非,广东,深圳,机电与控制工程学院,085406,控制工程,371,,,,官网,https://yz.szu.edu.cn/info/1041/14396.htm,全校0854最高线,华南,控制工程,,很难
北京工业大学,211,北京,北京,计算机学院,085405,软件工程,370,,,,官网,https://yanzhao.bjut.edu.cn/info/1712/18081.htm,,华北,软件工程,,很难
南京师范大学,211,江苏,南京,计算机与电子信息学院,085404,计算机技术,370,,25,408计算机学科专业基础,官网,https://yjszs.njnu.edu.cn/,2026年复试基本要求（校复试线PDF）,华东,计算机技术,,很难
南京航空航天大学,211,江苏,南京,电子信息工程学院,085400,不区分研究方向,370,,71,,官网,https://www.graduate.nuaa.edu.cn/2026/0616/c13499a401776/page.htm,,华东,电子信息(大类),,很难
太原理工大学,211,山西,太原,电气与动力工程学院,085406,控制工程,370,,,,官网,https://www.gs.tyut.edu.cn/info/1261/15529.htm,,华北,控制工程,,很难
西南交通大学,211,四川,成都,信息科学与技术学院,085402,通信工程（含宽带网络、移动通信等）,370,,,,媒体整理,https://www.tongxinkaoyan.com/28313.html,73人进面录38，复录比1.92,西南,通信工程,,很难
武汉大学,985,湖北,武汉,国家网络安全学院,085412,网络与信息安全,370,,,,媒体整理,https://m.eduego.com/school26/fsx/3648.html,,华中,网络与信息安全,,很难
电子科技大学,985,四川,深圳,电子科技大学（深圳）高等研究院,085400,不区分招生方向,370,,,,官网,https://yz.uestc.edu.cn/info/1082/5854.htm,深圳高等研究院（异地研究院）,西南,电子信息(大类),,很难
电子科技大学,985,四川,成都,通信抗干扰全国重点实验室,085400,不区分招生方向,370,,,,官网,https://yz.uestc.edu.cn/info/1082/5854.htm,,西南,电子信息(大类),,很难
电子科技大学,985,四川,成都,通信抗干扰全国重点实验室,085400,不区分招生方向(非全),370,,,,官网,https://yz.uestc.edu.cn/info/1082/5854.htm,非全日制,西南,电子信息(大类),,很难
西安交通大学,985,陕西,西安,电子与信息学部-电子科学与工程学院,085400,电子信息,370,,,,院系官网,https://esteie.xjtu.edu.cn/info/1051/3338.htm,,西北,电子信息(大类),,很难
南京邮电大学,双非,江苏,南京,通信与信息工程学院,085400,电子信息,370,,,,官网,https://yzb.njupt.edu.cn/2026/0529/c7813a302875/page.htm,四邮之一；双一流(电子科学与技术)；报考2182人录取383人,华东,电子信息(大类),,很难
华东理工大学,211,上海,上海,信息科学与工程学院,085404,计算机技术,369,322,72,408计算机学科专业基础,媒体整理,https://yz.kaoyan365.cn/zhaosheng/161083.html,2026年院线；单科50/50/80/80,华东,计算机技术,47,很难
南京航空航天大学,211,江苏,南京,计算机科学与技术学院/软件学院,085405,软件工程,369,,16,,官网,https://www.graduate.nuaa.edu.cn/2026/0616/c13499a401776/page.htm,,华东,软件工程,,很难
海南大学,211,海南,海口,信息与通信工程学院,085402,通信工程（含宽带网络、移动通信等）,369,,28,838信号与系统,媒体整理,https://sa.kaoyan365.cn/yanzhaoxinxi/sakyfsx/68324.html,2026年复试线,华南,通信工程,,很难
苏州大学,211,江苏,苏州,电子信息学院,085403,集成电路工程,369,291,17,,院系官网,https://dzxx.suda.edu.cn/8d/b4/c8244a691636/page.htm,拟公开招考人数17,华东,集成电路工程,78,很难
吉林大学,985,吉林,长春,电子科学与工程学院,085403,集成电路工程,369,365,25,,院系官网,https://ee.jlu.edu.cn/info/1038/9419.htm,招生计划为不含推免指标数,东北,集成电路工程,4,很难
清华大学,985,北京,北京,电子工程系,085400,电子与通信工程,369,,,,官网复试方案,https://yzbm.tsinghua.edu.cn/publish/s02/s0201/detail/f0f1e1fe-ab65-4a6b-8005-9ca60f56190e?yxsdm=023,,华北,电子信息(大类),,很难
清华大学,985,北京,北京,自动化系,085400,控制与智能,369,,,,媒体整理,https://www.chinakaoyan.com/graduate/info/nid/669987/schoolID/84.shtml,,华北,电子信息(大类),,很难
吉林大学,985,吉林,长春,通信工程学院,085402,通信工程（含宽带网络、移动通信等）,368,,,,院系官网,https://dce.jlu.edu.cn/info/1032/11250.htm,招生计划56人（含推免）,东北,通信工程,,很难
湖南大学,985,湖南,长沙,信息科学与工程学院,085400,不区分研究方向（计算机方向）,368,,103,866 数据结构（自命题）,媒体整理,https://www.jiaoyubao.cn/news/n399488.html,普通统考计划（不含少干/士兵/立功免初试等专项）,华中,电子信息(大类),,很难
上海交通大学,985,上海,上海,自动化与感知学院,085400,控制工程,367,348,74,,院系官网,https://sais.sjtu.edu.cn/yjs_zsgz/1547.html,含四川/中电科/宁波/海南/苏州/卫星所等联培方向,华东,电子信息(大类),19,很难
南京大学,985,江苏,南京,计算机学院,085404,计算机技术,367,,76,408计算机学科专业基础,官网复试方案,https://static.kaoyan.cn/file/2026/03/18/cbb2122e313fb6ca5a56b053dd2d14ca.pdf,,华东,计算机技术,,很难
北京工业大学,211,北京,北京,计算机学院,085404,计算机技术,365,,,,官网,https://yanzhao.bjut.edu.cn/info/1712/18081.htm,,华北,计算机技术,,很难
太原理工大学,211,山西,太原,电子信息工程学院,085402,通信工程（含宽带网络、移动通信等）,365,,,,官网,https://www.gs.tyut.edu.cn/info/1261/15529.htm,,华北,通信工程,,很难
东南大学,985,江苏,南京,信息科学与工程学院,085400,05通信芯片与微系统（无锡）,365,339,,,官网,https://yzb.seu.edu.cn/2026/0928/c6674a584558/page.htm,无锡校区,华东,电子信息(大类),26,很难
中国海洋大学,985,山东,青岛,信息科学与工程学部,085405,软件工程,365,,,,官网,https://yz.ouc.edu.cn/2026/0320/c31626a522722/page.htm,,华东,软件工程,,很难
华中科技大学,985,湖北,武汉,人工智能与自动化学院,085406,控制工程,365,,,,媒体整理,http://www.hustky.net/article/1263.html,,华中,控制工程,,很难
同济大学,985,上海,上海,电子与信息工程学院,085400,人工智能与自动化工程,365,,,,院系官网,https://ima.qq.com/wiki/?shareId=a8f54ff25963d562f0b1c66dca221806cb4648cc8456ef3df727974d5603e432,转引自同济大学电子与信息工程学院2026年复试成绩基本要求,华东,电子信息(大类),,很难
同济大学,985,上海,上海,电子与信息工程学院,085400,人工智能与自动化工程（中德平台）,365,,,,院系官网,https://ima.qq.com/wiki/?shareId=a8f54ff25963d562f0b1c66dca221806cb4648cc8456ef3df727974d5603e432,转引自同济大学电子与信息工程学院2026年复试成绩基本要求,华东,电子信息(大类),,很难
哈尔滨工业大学,985,黑龙江,哈尔滨,计算学部,085400,不区分方向,365,,,408计算机学科专业基础,媒体整理,https://c.m.163.com/news/a/KOPJDR6P0553T4Y3.html,,东北,电子信息(大类),,很难
电子科技大学,985,四川,成都,信息与通信工程学院,085400,不区分招生方向,365,,,,官网,https://yz.uestc.edu.cn/info/1082/5854.htm,,西南,电子信息(大类),,很难
电子科技大学,985,四川,成都,电子科学与工程学院,085400,方向2,365,290,,,官网,https://yz.uestc.edu.cn/info/1082/5854.htm,,西南,电子信息(大类),75,很难
西安邮电大学,双非,陕西,西安,通信与信息工程学院,085401,新一代电子信息技术(含量子技术等),365,,,,院系官网,https://tg.xiyou.edu.cn/info/1088/5389.htm,四邮之一,西北,新一代电子信息技术,,很难
大连海事大学,211,辽宁,大连,信息科学技术学院,085404,计算机技术,363,299,23,408计算机学科专业基础,官网复试方案,https://yz.chsi.com.cn/zsgs/fslq/detail.action?schCode=10151&zsgsId=3543845953,校总分线363，较2025年大幅上涨；score25为媒体整理,东北,计算机技术,64,很难
清华大学,985,北京,北京,集成电路学院,085400,集成电路技术与管理,363,,,,媒体整理,https://jixun.iqihang.com/zixun/fenshuxian/2026752804.html,,华北,电子信息(大类),,很难
南京邮电大学,双非,江苏,南京,中国科学院大学南京学院联合培养(卓越研究生专项),085400,电子信息(通信与信息工程学院),363,,,,媒体整理,https://m-jixun.iqihang.com/zixun/fenshuxian/2026748179.html,专项计划,华东,电子信息(大类),,很难
南京邮电大学,双非,江苏,南京,自动化学院,085400,电子信息,363,,,,官网,https://yzb.njupt.edu.cn/2026/0529/c7813a302875/page.htm,录取124人,华东,电子信息(大类),,很难
上海大学,211,上海,上海,机电工程与自动化学院,085400,电子信息,362,,,,官网,https://gmis.shu.edu.cn/php/pub/ss_fengshuxian.php?year=2022,2026年校线；单科35/35/53/53,华东,电子信息(大类),,很难
华中师范大学,211,湖北,武汉,物理科学与技术学院,085400,电子信息,362,,45,838 信号与系统,媒体整理,https://kaoyan.xdf.cn/202610/15419732.html,推免1人，剩余普通计划45人，复试57人；第三方汇总,华中,电子信息(大类),,很难
南京航空航天大学,211,江苏,南京,人工智能学院,085410,人工智能,361,,12,,官网,https://www.graduate.nuaa.edu.cn/2026/0616/c13499a401776/page.htm,,华东,人工智能,,很难
南昌大学,211,江西,南昌,数学与计算机学院,085404,计算机技术,361,,,408计算机学科专业基础,媒体整理,https://noobdream.com/schoolinfo/250,2026年院线,华东,计算机技术,,很难
南京邮电大学,双非,江苏,南京,集成电路科学与工程学院(产教融合学院),085403,集成电路工程,361,,,,官网,https://yzb.njupt.edu.cn/2026/0529/c7813a302875/page.htm,录取151人,华东,集成电路工程,,很难
中国石油大学(北京),211,北京,北京,人工智能学院,085404,计算机技术,360,,21,,官网,https://cup.edu.cn/cupai/tzgg/81c94e57b3e542e19e16ac3eab2963a7.htm,含海南专项2人,华北,计算机技术,,很难
南京理工大学,211,江苏,南京,网络空间安全学院,085412,网络与信息安全,360,,,,官网,https://m.gaodun.com/kaoyan/1777786.html,,华东,网络与信息安全,,很难
南京理工大学,211,江苏,南京,自动化学院,085406,控制工程,360,,,,官网,https://m.gaodun.com/kaoyan/1777786.html,,华东,控制工程,,很难
南京理工大学,211,江苏,南京,计算机科学与工程学院,085404,计算机技术,360,,,408 计算机学科专业基础,官网,https://m.gaodun.com/kaoyan/1777786.html,,华东,计算机技术,,很难
南京理工大学,211,江苏,南京,计算机科学与工程学院,085405,软件工程,360,,,408 计算机学科专业基础,官网,https://m.gaodun.com/kaoyan/1777786.html,学院085404与085405复试阶段统一划线,华东,软件工程,,很难
南京航空航天大学,211,江苏,南京,自动化学院,085406,控制工程,360,,64,,官网,https://www.graduate.nuaa.edu.cn/2026/0616/c13499a401776/page.htm,,华东,控制工程,,很难
湖南师范大学,211,湖南,长沙,物理与电子科学学院,085401,新一代电子信息技术(01方向),360,,33,857 普通物理(电磁学、光学、原子物理),官网复试方案,https://www.kaoyan.cn/news/269608,学院2026年复试(调剂)方案公布分数线,华中,新一代电子信息技术,,很难
西南财经大学,211,四川,成都,计算机与人工智能学院,085400,电子信息（人工智能）,360,308,20,408计算机学科专业基础,官网,https://yz.swufe.edu.cn/info/1101/13061.htm,校线专业学位电子信息360，单科35/53；学院划线一致；plan26为专业目录不含推免数，实际拟录取40人左右,西南,电子信息(大类),52,很难
西安电子科技大学,211,陕西,西安,电子工程学院,085401,01 新一代电子信息技术（含量子技术）+02 联合培养项目（全日制）,360,,184,,官网复试方案,https://see.xidian.edu.cn/info/1053/103161.htm,统考计划143+41,西北,新一代电子信息技术,,很难
中国科学技术大学,985,安徽,合肥,自动化系,085400,控制工程,360,,,,院系官网,https://auto.ustc.edu.cn/2026/0319/c26085a723641/page.htm,,华东,电子信息(大类),,很难
北京大学,985,北京,北京,集成电路学院,085400,不区分方向,360,,,,院系官网,https://ic.pku.edu.cn/rcpy/yjszs/dca6f0592fdd4de1a6b5ab5d69e8d988.htm,学院统一复试线360,华北,电子信息(大类),,很难
华中科技大学,985,湖北,武汉,网络空间安全学院,085412,网络与信息安全,360,,,,媒体整理,http://www.hustky.net/article/1263.html,,华中,网络与信息安全,,很难
同济大学,985,上海,上海,电子与信息工程学院,085400,电子与通信工程,360,,,,院系官网,https://ima.qq.com/wiki/?shareId=a8f54ff25963d562f0b1c66dca221806cb4648cc8456ef3df727974d5603e432,转引自同济大学电子与信息工程学院2026年复试成绩基本要求,华东,电子信息(大类),,很难
同济大学,985,上海,上海,电子与信息工程学院,085400,电子与通信工程（中德平台）,360,,,,院系官网,https://ima.qq.com/wiki/?shareId=a8f54ff25963d562f0b1c66dca221806cb4648cc8456ef3df727974d5603e432,转引自同济大学电子与信息工程学院2026年复试成绩基本要求,华东,电子信息(大类),,很难
四川大学,985,四川,成都,机械工程学院,085400,电子信息,360,,6,,官网,https://www.zizzs.com/gk/kaoyanzhuanqu/218117.html,学院公布其他专业均按校线执行；2026录取最低390分、录取6人,西南,电子信息(大类),,很难
四川大学,985,四川,成都,电子信息学院,085400,电子信息,360,,93,,官网,https://www.zizzs.com/gk/kaoyanzhuanqu/218117.html,执行校线；2026录取最低370分、录取93人（录取数非计划数）,西南,电子信息(大类),,很难
四川大学,985,四川,成都,计算机学院（软件学院、智能科学与技术学院）,085400,电子信息,360,345,127,408 计算机学科专业基础,官网,https://www.zizzs.com/gk/kaoyanzhuanqu/218117.html,执行校线（学院未上调）；2026录取最低362分、录取108人,西南,电子信息(大类),15,很难
电子科技大学,985,四川,深圳,电子科技大学（深圳）高等研究院,085406,不区分招生方向,360,,,,官网,https://yz.uestc.edu.cn/info/1082/5854.htm,深圳高等研究院（异地研究院）,西南,控制工程,,很难
西北工业大学,985,陕西,西安,计算机学院,085404,计算机技术（退役大学生士兵计划）,360,,3,,院系官网,https://jsj.nwpu.edu.cn/info/1599/29115.htm,退役大学生士兵计划,西北,计算机技术,,很难
西安邮电大学,双非,陕西,西安,通信与信息工程学院,085402,通信工程(含宽带网络、移动通信等),360,,,,院系官网,https://tg.xiyou.edu.cn/info/1088/5389.htm,四邮之一,西北,通信工程,,很难
长安大学,211,陕西,西安,信息工程学院,085405,软件工程,359,,28,,官网,https://it.chd.edu.cn/info/1013/1793.htm,学院复试细则复试线359；plan26为媒体整理的不含推免数,西北,软件工程,,较难
上海大学,211,上海,上海,计算机工程与科学学院,085405,软件工程,358,,,,官网,https://gmis.shu.edu.cn/php/pub/ss_fengshuxian.php?year=2022,2026年校线；单科45/40/75/75,华东,软件工程,,较难
合肥工业大学,211,安徽,合肥,计算机与信息学院,085404,计算机技术,358,,,,官网,https://yjszs.hfut.edu.cn/2026/0320/c13524a317912/page.htm,,华东,计算机技术,,较难
大连海事大学,211,辽宁,大连,信息科学技术学院,085410,人工智能,358,,29,408计算机学科专业基础,官网复试方案,https://yz.chsi.com.cn/zsgs/fslq/detail.action?schCode=10151&zsgsId=3543845953,校总分线358,东北,人工智能,,较难
江南大学,211,江苏,无锡,自动化与智能科学学院（原物联网工程学院）,085401,新一代电子信息技术（含量子技术等）,358,330,,,官网,https://yz.jiangnan.edu.cn/info/1029/3750.htm,单科35/53,华东,新一代电子信息技术,28,较难
苏州大学,211,江苏,苏州,计算机科学与技术学院,085412,网络与信息安全,358,342,,408计算机学科专业基础,媒体整理,https://noobdream.com/schoolinfo/46,,华东,网络与信息安全,16,较难
东南大学,985,江苏,南京,信息科学与工程学院,085400,06海洋信息工程,357,319,,,官网,https://yzb.seu.edu.cn/2026/0928/c6674a584558/page.htm,,华东,电子信息(大类),38,较难
中国石油大学(北京),211,北京,北京,人工智能学院,085410,人工智能,356,,13,,官网,https://cup.edu.cn/cupai/tzgg/81c94e57b3e542e19e16ac3eab2963a7.htm,含海南专项4人、中巴卓工学院2人；非全日制同线356分,华北,人工智能,,较难
合肥工业大学,211,安徽,合肥,计算机与信息学院,085410,人工智能,356,,,,官网,https://yjszs.hfut.edu.cn/2026/0320/c13524a317912/page.htm,,华东,人工智能,,较难
南京信息工程大学,双非,江苏,无锡,南信大无锡研究生联合培养基地,085401,新一代电子信息技术(含量子技术等),356,,,,院系官网,https://dxy.nuist.edu.cn/info/1076/6356.htm,异地研究院基地,华东,新一代电子信息技术,,较难
南京信息工程大学,双非,江苏,南京,计算机学院、网络空间安全学院,085404,计算机技术,356,,,,院系官网,https://scs.nuist.edu.cn/2026/0320/c5923a296267/page.htm,,华东,计算机技术,,较难
华东理工大学,211,上海,上海,信息科学与工程学院,085401,新一代电子信息技术（含量子技术等）,355,,49,814信号与系统（含数字信号处理）,媒体整理,https://yz.kaoyan365.cn/zhaosheng/161083.html,2026年院线；单科50/50/90/90,华东,新一代电子信息技术,,较难
合肥工业大学,211,安徽,合肥,计算机与信息学院,085402,通信工程（含宽带网络、移动通信等）,355,,,,官网,https://yjszs.hfut.edu.cn/2026/0320/c13524a317912/page.htm,,华东,通信工程,,较难
西南交通大学,211,四川,成都,计算机与人工智能学院,085404,计算机技术（全日制）,355,,,,院系官网,https://scai.swjtu.edu.cn/web/download?m=downLoad&fid=7aed853e-1560-45d5-b420-efc2fe266452,,西南,计算机技术,,较难
西安电子科技大学,211,陕西,西安,集成电路学部,085403,01 集成电路工程（全日制）,355,,104,801 半导体物理,媒体整理,https://www.yuloo.com/zzy/xidian/news/1994725.shtml,含第三代半导体/集成电路与集成系统产教融合联合培养项目,西北,集成电路工程,,较难
长安大学,211,陕西,西安,电子与控制工程学院,085406,控制工程,355,,26,,官网,https://webplus.chd.edu.cn/_s79/2026/0325/c2769a259633/page.psp,复试线355；plan26为媒体整理的不含推免数,西北,控制工程,,较难
东南大学,985,江苏,南京,集成电路学院,085403,集成电路工程,355,,,,官网,https://yzb.seu.edu.cn/2026/0928/c6674a584558/page.htm,,华东,集成电路工程,,较难
中国科学技术大学,985,安徽,合肥,计算机科学与技术学院,085400,不区分方向,355,340,,,院系官网,https://cs.ustc.edu.cn/2026/0318/c22511a723468/page.htm,,华东,电子信息(大类),15,较难
中国科学技术大学,985,安徽,合肥,集成电路学院（国家示范性微电子学院）,085400,集成电路设计与系统,355,,,,院系官网,https://sme.ustc.edu.cn/2026/0319/c31027a723487/page.htm,,华东,电子信息(大类),,较难
北京航空航天大学,985,北京,北京,大科学装置研究院,085400,电子信息,355,,42,,院系官网,https://piqs.buaa.edu.cn/info/1026/2683.htm,杭州创新研究院,华北,电子信息(大类),,较难
华中科技大学,985,湖北,武汉,生命科学与技术学院,085409,生物医学工程,355,,,,媒体整理,http://www.hustky.net/article/1263.html,,华中,生物医学工程,,较难
华中科技大学,985,湖北,武汉,电子信息与通信学院,085400,电子信息,355,350,,,媒体整理,http://www.hustky.net/article/1263.html,2025年350分（媒体整理）,华中,电子信息(大类),5,较难
华中科技大学,985,湖北,武汉,集成电路学院,085403,集成电路工程,355,,,,媒体整理,http://www.hustky.net/article/1263.html,,华中,集成电路工程,,较难
电子科技大学,985,四川,成都,自动化工程学院,085406,不区分招生方向,355,,,,官网,https://yz.uestc.edu.cn/info/1082/5854.htm,,西南,控制工程,,较难
电子科技大学,985,四川,成都,计算机科学与工程学院,085404,不区分招生方向,355,,,,官网,https://yz.uestc.edu.cn/info/1082/5854.htm,,西南,计算机技术,,较难
西北工业大学,985,陕西,西安,自动化学院,085410,人工智能,355,,8,,院系官网,https://zdhxy.nwpu.edu.cn/info/1042/33323.htm,剩余计划（不含推免）,西北,人工智能,,较难
重庆大学,985,重庆,重庆,计算机学院,085404,计算机技术,355,,83,408 计算机学科专业基础,媒体整理,https://kaoyan.xdf.cn/202608/15335208.html,官方：总指标129人，已录取推免46人，统考约83人,西南,计算机技术,,较难
中国石油大学(华东),211,山东,青岛,理学院,085408,光电信息工程,354,,16,845 大学物理,媒体整理,https://www.toutiao.com/w/1860416271753480/,复试线来自媒体汇总，招生人数16人（不含推免）取自2026年专业目录,华东,光电信息工程,,较难
南京理工大学,211,江苏,南京,电子工程与光电技术学院,085408,光电信息工程,354,,,,官网,https://m.gaodun.com/kaoyan/1777786.html,,华东,光电信息工程,,较难
大连海事大学,211,辽宁,大连,信息科学技术学院,085412,网络与信息安全,354,,19,408计算机学科专业基础,官网复试方案,https://yz.chsi.com.cn/zsgs/fslq/detail.action?schCode=10151&zsgsId=3543845953,校总分线354,东北,网络与信息安全,,较难
江南大学,211,江苏,无锡,集成电路学院,085403,集成电路工程,354,333,,,官网,https://yz.jiangnan.edu.cn/info/1029/3750.htm,单科35/53,华东,集成电路工程,21,较难
中国海洋大学,985,山东,青岛,信息科学与工程学部,085402,通信工程（含宽带网络、移动通信等）,354,,,,官网,https://yz.ouc.edu.cn/2026/0320/c31626a522722/page.htm,,华东,通信工程,,较难
北京理工大学,985,北京,北京,计算机学院,085404,计算机技术,354,,,,院系官网,https://cs.bit.edu.cn/tzgg/73af61ff989544648c966d7f9b8155ad.htm,含长三角/唐山/郑州等研究院名额,华北,计算机技术,,较难
东华大学,211,上海,上海,信息与智能科学学院,085404,计算机技术,353,313,,408计算机学科专业基础,官网,https://yjszs.dhu.edu.cn/2026/0320/c7128a372739/page.htm,2026年校线；单科35/53,华东,计算机技术,40,较难
东华大学,211,上海,上海,信息与智能科学学院,085405,软件工程,353,313,,408计算机学科专业基础,官网,https://yjszs.dhu.edu.cn/2026/0320/c7128a372739/page.htm,2026年校线；单科35/53,华东,软件工程,40,较难
郑州大学,211,河南,郑州,计算机与人工智能学院,085404,计算机技术,353,344,,408计算机学科专业基础,官网,https://yz.zzu.edu.cn/info/1070/2376.htm,2026年一志愿复试线；单科35/35/53/53,华中,计算机技术,9,较难
东南大学,985,江苏,南京,国际学院（苏州）,085410,人工智能,353,,,,官网,https://yzb.seu.edu.cn/2026/0928/c6674a584558/page.htm,苏州联合研究生院,华东,人工智能,,较难
南京大学,985,江苏,南京,人工智能学院,085410,人工智能,353,,5,,官网复试方案,https://ai.nju.edu.cn/9e/57/c53055a826967/pagem.htm,,华东,人工智能,,较难
北京工业大学,211,北京,北京,信息科学技术学院,085407,仪器仪表工程,352,,,,官网,https://yanzhao.bjut.edu.cn/info/1712/18081.htm,,华北,仪器仪表工程,,较难
苏州大学,211,江苏,苏州,计算机科学与技术学院,085411,大数据技术与工程,352,333,,408计算机学科专业基础,媒体整理,https://noobdream.com/schoolinfo/46,,华东,大数据技术与工程,19,较难
哈尔滨工业大学,985,黑龙江,哈尔滨,生命科学和医学学部,085400,不区分方向,352,,,,院系官网,https://life.hit.edu.cn,,东北,电子信息(大类),,较难
东北大学,985,辽宁,沈阳,医学与生物工程学院,085409,生物医学工程,351,,,数据结构+模拟电子,媒体整理,https://noobdream.com/schoolinfo/47/,,东北,生物医学工程,,较难
东北大学,985,辽宁,沈阳,计算机科学与工程学院,085410,人工智能,351,,,408 计算机学科专业基础,媒体整理,https://kaoyan.xdf.cn/202607/15283195.html,含佛山方向,东北,人工智能,,较难
南京信息工程大学,双非,江苏,南京,南信大-国防科大第六十三研究所联合培养基地,085402,通信工程(含宽带网络、移动通信等),351,,,,院系官网,https://dxy.nuist.edu.cn/info/1076/6356.htm,联培基地,华东,通信工程,,较难
扬州大学,双非,江苏,扬州,信息与人工智能学院(工业软件学院),085406,控制工程,351,,15,,院系官网,https://xxgcxy.yzu.edu.cn/info/1074/9071.htm,,华东,控制工程,,较难
西安电子科技大学,211,陕西,西安,卓越工程师学院（粤港澳大湾区基地/广州研究院）,085403,集成电路工程（全日制）,350,,47,,官网复试方案,https://gzyjy.xidian.edu.cn/info/1009/37172.htm,,西北,集成电路工程,,较难
西安电子科技大学,211,陕西,西安,网络安全与密码学部（网络与信息安全学院）,085412,01 网络与信息安全产教融合培养项目,350,,39,893 网络空间安全基础综合,官网复试方案,https://ce.xidian.edu.cn/info/1324/16183.htm,,西北,网络与信息安全,,较难
上海交通大学,985,上海,上海,集成电路学院（信息与电子工程学院）,085400,电子与通信工程,350,335,83,,院系官网,https://icisee.sjtu.edu.cn/yanjiusheng-zsgz-sszs/3155.html,含中电科/四川研究院/苏州智研院/卫星研究所/贵州联培基地等方向；分专业计划合计197人,华东,电子信息(大类),15,较难
上海交通大学,985,上海,上海,集成电路学院（信息与电子工程学院）,085400,集成电路工程,350,318,41,,院系官网,https://icisee.sjtu.edu.cn/yanjiusheng-zsgz-sszs/3155.html,另含上海创芯学院专项专硕名额50人,华东,电子信息(大类),32,较难
东南大学,985,江苏,南京,生物科学与医学工程学院,085409,生物医学工程,350,,,,官网,https://yzb.seu.edu.cn/2026/0928/c6674a584558/page.htm,,华东,生物医学工程,,较难
中国人民大学,985,北京,北京,智慧治理学院,085400,电子信息,350,,,,媒体整理,https://m.yanshuoshi.com/html/zzhx/36709.html,,华北,电子信息(大类),,较难
中国科学技术大学,985,安徽,合肥,集成电路学院（国家示范性微电子学院）,085400,集成电路器件与工艺,350,,,,院系官网,https://sme.ustc.edu.cn/2026/0319/c31027a723487/page.htm,,华东,电子信息(大类),,较难
中山大学,985,广东,珠海,人工智能学院,085410,人工智能,350,,20,,媒体整理,https://m-jixun.iqihang.com/index.php?a=show&catid=1587&id=794444,珠海校区,华南,人工智能,,较难
武汉大学,985,湖北,武汉,人工智能学院,085410,人工智能,350,,,,媒体整理,https://m.eduego.com/school26/fsx/3648.html,,华中,人工智能,,较难
武汉大学,985,湖北,武汉,计算机学院,085404,计算机技术,350,,24,,院系官网,https://cs.whu.edu.cn/info/1071/59441.htm,剩余计划（不含推免）,华中,计算机技术,,较难
武汉大学,985,湖北,武汉,计算机学院,085405,软件工程,350,,,,媒体整理,https://m.eduego.com/school26/fsx/3648.html,,华中,软件工程,,较难
武汉大学,985,湖北,武汉,计算机学院,085410,人工智能,350,,,,媒体整理,https://m.eduego.com/school26/fsx/3648.html,,华中,人工智能,,较难
清华大学,985,北京,北京,集成电路学院,085400,集成电路工程,350,,,,媒体整理,https://jixun.iqihang.com/zixun/fenshuxian/2026752804.html,,华北,电子信息(大类),,较难
电子科技大学,985,四川,成都,集成电路科学与工程学院,085403,微电子器件与集成电路,350,,,,官网,https://yz.uestc.edu.cn/info/1082/5854.htm,,西南,集成电路工程,,较难
西安交通大学,985,陕西,西安,电子与信息学部-微电子学院,085403,集成电路工程,350,,,,院系官网,https://ele.xjtu.edu.cn/info/1013/2802.htm,,西北,集成电路工程,,较难
西安交通大学,985,陕西,西安,软件学院,085405,软件工程,350,,,,院系官网,https://se.xjtu.edu.cn/info/1043/3707.htm,,西北,软件工程,,较难
南京邮电大学,双非,江苏,南京,电子与光学工程学院/柔性电子(未来技术)学院,085400,电子信息,350,,,,官网,https://yzb.njupt.edu.cn/2026/0529/c7813a302875/page.htm,双一流；录取246人,华东,电子信息(大类),,较难
西安邮电大学,双非,陕西,西安,通信与信息工程学院,085410,人工智能,350,,,,院系官网,https://tg.xiyou.edu.cn/info/1088/5389.htm,,西北,人工智能,,较难
南京航空航天大学,211,江苏,南京,计算机科学与技术学院/软件学院,085412,网络与信息安全,349,,13,,官网,https://www.graduate.nuaa.edu.cn/2026/0616/c13499a401776/page.htm,,华东,网络与信息安全,,较难
大连海事大学,211,辽宁,大连,信息科学技术学院,085411,大数据技术与工程,349,,15,408计算机学科专业基础,官网复试方案,https://yz.chsi.com.cn/zsgs/fslq/detail.action?schCode=10151&zsgsId=3543845953,校总分线349,东北,大数据技术与工程,,较难
江南大学,211,江苏,无锡,人工智能与计算机学院,085405,软件工程,349,331,,408计算机学科专业基础,官网,https://yz.jiangnan.edu.cn/info/1029/3750.htm,单科35/53,华东,软件工程,18,较难
东南大学,985,江苏,南京,国际学院（苏州）,085400,新一代电子信息技术,349,,,,官网,https://yzb.seu.edu.cn/2026/0928/c6674a584558/page.htm,苏州联合研究生院,华东,电子信息(大类),,较难
东南大学,985,江苏,南京,国际学院（苏州）,085404,计算机技术,349,,,,官网,https://yzb.seu.edu.cn/2026/0928/c6674a584558/page.htm,苏州联合研究生院,华东,计算机技术,,较难
中国海洋大学,985,山东,青岛,信息科学与工程学部,085407,仪器仪表工程,349,,,,官网,https://yz.ouc.edu.cn/2026/0320/c31626a522722/page.htm,,华东,仪器仪表工程,,较难
中国海洋大学,985,山东,青岛,信息科学与工程学部,085411,大数据技术与工程,349,,,,官网,https://yz.ouc.edu.cn/2026/0320/c31626a522722/page.htm,,华东,大数据技术与工程,,较难
南京信息工程大学,双非,江苏,南京,集成电路学院,085403,集成电路工程,349,,,,媒体整理,https://ima.qq.com/wiki/?shareId=a8f54ff25963d562f0b1c66dca221806cb4648cc8456ef3df727974d5603e432,,华东,集成电路工程,,较难
华中师范大学,211,湖北,武汉,计算机学院,085404,计算机技术,348,332,32,408 计算机学科专业基础,院系官网,https://cs.ccnu.edu.cn/info/1056/10516.htm,剩余普通计划32人，复试40人,华中,计算机技术,16,较难
华南师范大学,211,广东,广州,计算机学院,085404,计算机技术,348,328,,408计算机学科专业基础,媒体整理,https://www.noobdream.com/schoolinfo/133,2026年院线；单科35/53,华南,计算机技术,20,较难
南京航空航天大学,211,江苏,南京,自动化学院,085409,生物医学工程,348,,17,,官网,https://www.graduate.nuaa.edu.cn/2026/0616/c13499a401776/page.htm,,华东,生物医学工程,,较难
暨南大学,211,广东,广州,网络空间安全学院,085412,网络与信息安全,348,,51,408计算机学科专业基础,媒体整理,https://m-jixun.iqihang.com/fuwu/zyjx/2023749833.html,2026年复试资格线；统招计划51（不含推免）,华南,网络与信息安全,,较难
武汉理工大学,211,湖北,武汉,计算机与人工智能学院,085404,(01) 计算机技术,348,,,,媒体整理,http://hwkyc.cn/kyzx/11-602.html,,华中,计算机技术,,较难
东南大学,985,江苏,南京,信息科学与工程学院,085400,02电磁场与微波技术,348,311,,,官网,https://yzb.seu.edu.cn/2026/0928/c6674a584558/page.htm,,华东,电子信息(大类),37,较难
吉林大学,985,吉林,长春,人工智能学院,085410,人工智能,348,,12,,媒体整理,https://jixun.iqihang.com/zixun/fenshuxian/2026762943.html,招生计划不含推免,东北,人工智能,,较难
湖南大学,985,湖南,长沙,物理与微电子科学学院,085400,电子信息,348,,20,,官网复试方案,https://spe.hnu.edu.cn/info/1083/9634.htm,招生计划含少干计划1名,华中,电子信息(大类),,较难
上海大学,211,上海,上海,通信与信息工程学院,085400,电子信息,347,,,,官网,https://gmis.shu.edu.cn/php/pub/ss_fengshuxian.php?year=2022,2026年校线；单科35/35/75/67,华东,电子信息(大类),,较难
北京工业大学,211,北京,北京,信息科学技术学院,085403,集成电路工程,347,342,92,,官网,https://yanzhao.bjut.edu.cn/info/1712/18081.htm,score25为机构整理值(2025年342)，非官网,华北,集成电路工程,5,较难
华北电力大学(保定),211,河北,保定,计算机系,085404,计算机技术,347,,87,408 计算机学科专业基础,官网,https://gs.ncepu.edu.cn/docs/2026-06/6c8529c1424d422aa89fe671858adfa2.pdf,87+0,华北,计算机技术,,较难
南昌大学,211,江西,南昌,软件学院,085405,软件工程,347,,,408计算机学科专业基础,媒体整理,https://noobdream.com/schoolinfo/250,2026年院线,华东,软件工程,,较难
东南大学,985,江苏,南京,计算机科学与工程学院,085410,人工智能,347,,,,官网,https://yzb.seu.edu.cn/2026/0928/c6674a584558/page.htm,,华东,人工智能,,较难
中国科学技术大学,985,安徽,合肥,国家卓越工程师学院（先进技术研究院）,085400,计算机技术方向（085404计算机技术）,347,,,,院系官网,https://see.ustc.edu.cn/2026/0320/c37721a723710/page.htm,,华东,电子信息(大类),,较难
深圳大学,双非,广东,深圳,计算机与软件学院,085404,计算机技术,347,,,,官网,https://yz.szu.edu.cn/info/1041/14396.htm,,华南,计算机技术,,较难
苏州大学,211,江苏,苏州,计算机科学与技术学院,085405,软件工程,346,359,,408计算机学科专业基础,媒体整理,https://noobdream.com/schoolinfo/46,,华东,软件工程,-13,较难
长安大学,211,陕西,西安,信息工程学院,085404,计算机技术,346,,,,官网,https://it.chd.edu.cn/info/1013/1793.htm,学院复试细则复试线346,西北,计算机技术,,较难
北京交通大学,211,北京,北京,物理科学与工程学院,085408,光电信息工程,345,,,,官网,https://gs.bjtu.edu.cn/tzgg/qb/537f8eb85d004e9d81bb09eaf3f9e03f.htm,,华北,光电信息工程,,较难
北京邮电大学,211,北京,北京,计算机学院（国家示范性软件学院）,085404,计算机技术,345,,,,官网复试方案,https://scs.bupt.edu.cn/info/1020/4332.htm,,华北,计算机技术,,较难
太原理工大学,211,山西,太原,计算机科学与技术学院（大数据学院）,085404,计算机技术,345,,45,833 数据结构和计算机组成原理,官网,https://www.gs.tyut.edu.cn/info/1261/15529.htm,,华北,计算机技术,,较难
海南大学,211,海南,海口,信息与通信工程学院,085410,人工智能,345,,,,媒体整理,https://sa.kaoyan365.cn/yanzhaoxinxi/sakyfsx/68324.html,2026年复试线,华南,人工智能,,较难
西安电子科技大学,211,陕西,西安,卓越工程师学院（粤港澳大湾区基地/广州研究院）,085401,新一代电子信息技术（全日制）,345,,87,,官网复试方案,https://gzyjy.xidian.edu.cn/info/1009/37172.htm,,西北,新一代电子信息技术,,较难
西安电子科技大学,211,陕西,西安,卓越工程师学院（粤港澳大湾区基地/广州研究院）,085402,通信工程（全日制）,345,,33,,官网复试方案,https://gzyjy.xidian.edu.cn/info/1009/37172.htm,,西北,通信工程,,较难
西安电子科技大学,211,陕西,西安,通信工程学院,085402,01 电子与通信工程（全日制）,345,,177,,官网复试方案,https://ste.xidian.edu.cn/info/1337/14876.htm,,西北,通信工程,,较难
中南大学,985,湖南,长沙,卓越工程师学院,085410,人工智能,345,,,,官网复试方案,https://ima.qq.com/wiki/?shareId=a8f54ff25963d562f0b1c66dca221806cb4648cc8456ef3df727974d5603e432&mediaId=pdf_2c05161fa28950c0a275925fe16151cf_b0b51a14dc822bf98d589ffbf23fd1517505102176786184,,华中,人工智能,,较难
中国海洋大学,985,山东,青岛,信息科学与工程学部,085412,网络与信息安全,345,,,,官网,https://yz.ouc.edu.cn/2026/0320/c31626a522722/page.htm,,华东,网络与信息安全,,较难
清华大学,985,北京,北京,集成电路学院,085400,集成电路先进制造,345,,,,媒体整理,https://jixun.iqihang.com/zixun/fenshuxian/2026752804.html,,华北,电子信息(大类),,较难
电子科技大学,985,四川,深圳,电子科技大学（深圳）高等研究院,085407,不区分招生方向,345,,,,官网,https://yz.uestc.edu.cn/info/1082/5854.htm,深圳高等研究院（异地研究院）,西南,仪器仪表工程,,较难
重庆邮电大学,双非,重庆,重庆,计算机科学与技术学院,085405,软件工程,345,270,,,媒体整理,https://www.chinakaoyan.com/graduate/info/nid/668021/schoolID/751.shtml,2025届该专业在软件工程学院(012),西南,软件工程,75,较难
东南大学,985,江苏,南京,计算机科学与工程学院,085404,计算机技术,344,,,,官网,https://yzb.seu.edu.cn/2026/0928/c6674a584558/page.htm,,华东,计算机技术,,较难
中国海洋大学,985,山东,青岛,信息科学与工程学部,085410,人工智能,344,,,,官网,https://yz.ouc.edu.cn/2026/0320/c31626a522722/page.htm,01方向,华东,人工智能,,较难
湖南大学,985,湖南,长沙,网络空间安全学院,085412,网络与信息安全,344,,26,,媒体整理,https://www.jiaoyubao.cn/news/n399488.html,,华中,网络与信息安全,,较难
云南大学,211,云南,昆明,信息学院,085404,计算机技术,343,316,,408计算机学科专业基础,官网,http://www.grs.ynu.edu.cn/,2026年一志愿进入复试初试成绩要求；单科32/48,西南,计算机技术,27,较难
东南大学,985,江苏,南京,仪器科学与工程学院,085400,不区分研究方向,343,,116,,官网,https://yzb.seu.edu.cn/2026/0928/c6674a584558/page.htm,含卓工专项34；南京校区49、无锡校区67,华东,电子信息(大类),,较难
吉林大学,985,吉林,长春,通信工程学院,085406,控制工程,343,,,,院系官网,https://dce.jlu.edu.cn/info/1032/11250.htm,招生计划30人（含推免）,东北,控制工程,,较难
重庆邮电大学,双非,重庆,重庆,通信与信息工程学院,085401,新一代电子信息技术(含量子技术等),343,340,,,媒体整理,https://www.chinakaoyan.com/graduate/info/nid/668021/schoolID/751.shtml,四邮之一；0854主力专业,西南,新一代电子信息技术,3,较难
重庆邮电大学,双非,重庆,重庆,通信与信息工程学院,085402,通信工程(含宽带网络、移动通信等),343,340,,,媒体整理,https://www.chinakaoyan.com/graduate/info/nid/668021/schoolID/751.shtml,四邮之一；与085401同线(官网合并单元格),西南,通信工程,3,较难
东北林业大学,211,黑龙江,哈尔滨,计算机与控制工程学院,085406,控制工程,342,,79,,官网,https://yz.nefu.edu.cn/info/1030/3796.htm,统考招生计划79人,东北,控制工程,,较难
南昌大学,211,江西,南昌,信息工程学院,085410,人工智能,342,,,408计算机学科专业基础,媒体整理,https://noobdream.com/schoolinfo/250,2026年院线,华东,人工智能,,较难
海南大学,211,海南,海口,计算机科学与技术学院,085405,软件工程,342,311,48（含推免2、士兵专项1）,408计算机学科专业基础,媒体整理,https://www.noobdream.com/schoolinfo/272,2026年院线,华南,软件工程,31,较难
湖南师范大学,211,湖南,长沙,信息科学与工程学院,085405,软件工程,342,,34,408 计算机学科专业基础,官网复试方案,https://m-jixun.iqihang.com/fuwu/zyjx/2024747605.html,学院2026年复试分数线342分,华中,软件工程,,较难
广东工业大学,双非,广东,广州,信息工程学院,085401,新一代电子信息技术(含量子技术等),342,,,,媒体整理,https://www.qinggk.com/job/kaoyan/school/137,招生体量大,华南,新一代电子信息技术,,较难
扬州大学,双非,江苏,扬州,信息与人工智能学院(工业软件学院),085401,新一代电子信息技术(含量子技术等),342,,10,,院系官网,https://xxgcxy.yzu.edu.cn/info/1074/9071.htm,招生计划不含推免,华东,新一代电子信息技术,,较难
南京航空航天大学,211,江苏,南京,计算机科学与技术学院/软件学院,085404,计算机技术,341,,25,,官网,https://www.graduate.nuaa.edu.cn/2026/0616/c13499a401776/page.htm,,华东,计算机技术,,较难
江南大学,211,江苏,无锡,人工智能与计算机学院,085404,计算机技术,341,341,32,408计算机学科专业基础,官网,https://yz.jiangnan.edu.cn/info/1029/3750.htm,单科35/53,华东,计算机技术,0,较难
北京理工大学,985,北京,北京,计算机学院,085405,软件工程,341,,,,院系官网,https://cs.bit.edu.cn/tzgg/73af61ff989544648c966d7f9b8155ad.htm,含信创学院、唐山研究院名额,华北,软件工程,,较难
上海大学,211,上海,上海,中欧工程技术学院,085400,电子信息,340,,,,官网,https://gmis.shu.edu.cn/php/pub/ss_fengshuxian.php?year=2022,2026年校线；单科35/35/53/53,华东,电子信息(大类),,较难
北京邮电大学,211,北京,北京,人工智能学院,085410,人工智能与大数据,340,,,,媒体整理,http://www.bkzzy.com/dongtai/107291.shtml,,华北,人工智能,,较难
华中农业大学,211,湖北,武汉,工学院,085400,电子信息(01 光电信息工程),340,,8,876 信号与系统,院系官网,https://cet.hzau.edu.cn/info/1008/11255.htm,学院2026年复试录取工作方案（第一志愿）,华中,电子信息(大类),,较难
华南师范大学,211,广东,广州,数据科学与工程学院,085404,计算机技术,340,293,,408计算机学科专业基础,媒体整理,https://www.noobdream.com/schoolinfo/133,2026年院线；单科35/53,华南,计算机技术,47,较难
苏州大学,211,江苏,苏州,未来科学与工程学院,085410,人工智能,340,343,,408计算机学科专业基础,媒体整理,https://noobdream.com/schoolinfo/46,,华东,人工智能,-3,较难
苏州大学,211,江苏,苏州,计算机科学与技术学院,085404,计算机技术,340,364,,408计算机学科专业基础,媒体整理,https://noobdream.com/schoolinfo/46,,华东,计算机技术,-24,较难
华中科技大学,985,湖北,武汉,光学与电子信息学院,085408,光电信息工程,340,,,,媒体整理,http://www.hustky.net/article/1263.html,,华中,光电信息工程,,较难
电子科技大学,985,四川,成都,信息与软件工程学院,085405,不区分招生方向,340,,,,官网,https://yz.uestc.edu.cn/info/1082/5854.htm,,西南,软件工程,,较难
电子科技大学,985,四川,成都,光电科学与工程学院,085400,光电技术与应用,340,,,,官网,https://yz.uestc.edu.cn/info/1082/5854.htm,,西南,电子信息(大类),,较难
电子科技大学,985,四川,成都,航空航天学院,085400,不区分招生方向,340,330,,,官网,https://yz.uestc.edu.cn/info/1082/5854.htm,,西南,电子信息(大类),10,较难
电子科技大学,985,四川,成都,资源与环境学院,085411,不区分招生方向,340,,,,官网,https://yz.uestc.edu.cn/info/1082/5854.htm,,西南,大数据技术与工程,,较难
电子科技大学,985,四川,成都,资源与环境学院,085411,不区分招生方向(非全),340,,,,官网,https://yz.uestc.edu.cn/info/1082/5854.htm,非全日制,西南,大数据技术与工程,,较难
重庆大学,985,重庆,重庆,自动化学院,085400,电子信息（控制方向）,340,,61,844 自动控制原理二,媒体整理,https://kaoyan.xdf.cn/202608/15335210.html,学院剩余普通招生计划中电子信息61个,西南,电子信息(大类),,较难
宁波大学,双一流,浙江,宁波,信息科学与工程学院,085404,计算机技术,340,,49,408 计算机学科专业基础,媒体整理,https://noobdream.com/schoolinfo/129,复试64+6专项，录取49+5专项；宁波大学不公布具体院线，按1:1.3差额划线,华东,计算机技术,,较难
云南大学,211,云南,昆明,信息学院,085410,人工智能,339,,,408计算机学科专业基础,官网,http://www.grs.ynu.edu.cn/,2026年一志愿进入复试初试成绩要求；单科32/48,西南,人工智能,,中等
华北电力大学(保定),211,河北,保定,自动化系,085406,控制工程,339,,109,,官网,https://gs.ncepu.edu.cn/docs/2026-06/6c8529c1424d422aa89fe671858adfa2.pdf,录取初试最低分342,华北,控制工程,,中等
南昌大学,211,江西,南昌,数学与计算机学院,085405,软件工程,339,,,408计算机学科专业基础,媒体整理,https://noobdream.com/schoolinfo/250,2026年院线,华东,软件工程,,中等
中国科学技术大学,985,安徽,合肥,国家卓越工程师学院（先进技术研究院）,085400,软件工程方向（085405软件工程）,339,,,,院系官网,https://see.ustc.edu.cn/2026/0320/c37721a723710/page.htm,,华东,电子信息(大类),,中等
南京邮电大学,双非,江苏,南京,计算机学院/软件学院/网络空间安全学院,085404,计算机技术,339,,,,官网,https://yzb.njupt.edu.cn/2026/0529/c7813a302875/page.htm,录取243人,华东,计算机技术,,中等
华北电力大学(北京),211,北京,北京,控制与计算机工程学院,085406,控制工程,338,,122,,官网复试方案,https://cce.ncepu.edu.cn//yjspy/zsxx1/067d122d9ba342eeb6ecc5e3a28ff1d1.htm,普通招考规模122（总129，推免7）,华北,控制工程,,中等
南京农业大学,211,江苏,南京,智慧农业学院(人工智能学院),085400,(02)计算机技术,338,,10,408计算机学科专业基础,媒体整理,https://noobdream.com/schoolinfo/165,,华东,电子信息(大类),,中等
南京航空航天大学,211,江苏,南京,自动化学院,085407,仪器仪表工程,338,,36,,官网,https://www.graduate.nuaa.edu.cn/2026/0616/c13499a401776/page.htm,,华东,仪器仪表工程,,中等
河海大学,211,江苏,南京,人工智能与自动化学院,085400,电子信息（02方向）,338,,,,媒体整理,https://m.okaoyan.com/hehaidaxue/fenshuxian_981687.html,2026年按方向单独划线,华东,电子信息(大类),,中等
中国科学技术大学,985,安徽,合肥,国家卓越工程师学院（先进技术研究院）,085400,电子与通信工程方向（085401新一代电子信息技术、085402通信工程、085409生物医学工程、085410人工智能）,338,,,,院系官网,https://see.ustc.edu.cn/2026/0320/c37721a723710/page.htm,,华东,电子信息(大类),,中等
南京大学,985,江苏,南京,计算机学院,085405,软件工程,338,,7,408计算机学科专业基础,官网复试方案,https://static.kaoyan.cn/file/2026/03/18/cbb2122e313fb6ca5a56b053dd2d14ca.pdf,,华东,软件工程,,中等
浙江理工大学,双非,浙江,杭州,计算机科学与技术学院(人工智能学院),085404,计算机技术,338,301,110,408计算机学科专业基础,官网,https://gradschool.zstu.edu.cn/info/1135/8507.htm,含联合培养/专项计划,华东,计算机技术,37,中等
西安邮电大学,双非,陕西,西安,人工智能学院/自动化学院,085406,控制工程,338,,,,院系官网,https://automation.xupt.edu.cn/info/1251/3430.htm,,西北,控制工程,,中等
北京林业大学,211,北京,北京,信息学院,085400,电子信息(全日制),337,318,72,408 计算机学科专业基础,媒体整理,https://noobdream.com//schoolinfo/65,2026年进复试136人，拟录取93人；2025年318分,华北,电子信息(大类),19,中等
北京林业大学,211,北京,北京,信息学院,085400,电子信息(非全日制),337,318,,408 计算机学科专业基础,媒体整理,https://noobdream.com//schoolinfo/65,非全日制与全日制同线337分，无一志愿上线，全部靠调剂,华北,电子信息(大类),19,中等
北京邮电大学,211,北京,北京,网络空间安全学院,085412,网络与信息安全,337,,,,媒体整理,http://www.bkzzy.com/dongtai/107291.shtml,,华北,网络与信息安全,,中等
上海交通大学,985,上海,上海,自动化与感知学院,085400,智能感知工程,337,308,64,,院系官网,https://sais.sjtu.edu.cn/yjs_zsgz/1547.html,含中电科/苏州/贵州/卫星所/四川/安徽高研院等联培方向,华东,电子信息(大类),29,中等
吉林大学,985,吉林,长春,计算机科学与技术学院,085404,计算机技术,337,,,,院系官网,https://ccst.jlu.edu.cn/info/1229/20883.htm,招生计划89人（含推免）,东北,计算机技术,,中等
广东工业大学,双非,广东,广州,计算机学院,085410,人工智能,337,,,,媒体整理,https://www.qinggk.com/job/kaoyan/school/137,,华南,人工智能,,中等
浙江理工大学,双非,浙江,杭州,信息科学与工程学院(网络空间安全学院),085406,控制工程,337,,,,官网,https://gradschool.zstu.edu.cn/info/1135/8507.htm,,华东,控制工程,,中等
中国石油大学(华东),211,山东,青岛,计算机科学与技术学院、青岛软件学院,085404,计算机技术,336,341,43,408 计算机学科专业基础,媒体整理,https://noobdream.com/schoolinfo/143,2026年进复试66+7专项，统考拟招43+5专项；2025年341分,华东,计算机技术,-5,中等
吉林大学,985,吉林,长春,软件学院,085405,软件工程,336,,,,院系官网,https://csw.jlu.edu.cn/info/1156/8248.htm,招生计划66人（含推免）,东北,软件工程,,中等
重庆邮电大学,双非,重庆,重庆,人工智能学院,085410,人工智能,336,292,,,媒体整理,https://www.chinakaoyan.com/graduate/info/nid/668021/schoolID/751.shtml,2025届属计算机科学与技术学院/人工智能学院,西南,人工智能,44,中等
重庆邮电大学,双非,重庆,重庆,人工智能学院,085411,大数据技术与工程,336,292,,,媒体整理,https://www.chinakaoyan.com/graduate/info/nid/668021/schoolID/751.shtml,与085410同线(官网合并单元格),西南,大数据技术与工程,44,中等
上海大学,211,上海,上海,计算机工程与科学学院,085412,网络与信息安全,335,,,,官网,https://gmis.shu.edu.cn/php/pub/ss_fengshuxian.php?year=2022,2026年校线；单科45/40/75/75,华东,网络与信息安全,,中等
华北电力大学(北京),211,北京,北京,控制与计算机工程学院,085412,网络与信息安全,335,,14,,官网复试方案,https://cce.ncepu.edu.cn//yjspy/zsxx1/067d122d9ba342eeb6ecc5e3a28ff1d1.htm,普通招考规模14（总15，推免1）,华北,网络与信息安全,,中等
华南师范大学,211,广东,广州,计算机学院,085405,软件工程,335,326,,408计算机学科专业基础,媒体整理,https://www.noobdream.com/schoolinfo/133,2026年院线；单科35/53,华南,软件工程,9,中等
南京航空航天大学,211,江苏,南京,集成电路学院,085400,不区分研究方向,335,,30,,官网,https://www.graduate.nuaa.edu.cn/2026/0616/c13499a401776/page.htm,,华东,电子信息(大类),,中等
太原理工大学,211,山西,太原,电子信息工程学院,085401,新一代电子信息技术（含量子技术等）,335,,,,官网,https://www.gs.tyut.edu.cn/info/1261/15529.htm,,华北,新一代电子信息技术,,中等
河海大学,211,江苏,南京,信息科学与工程学院,085400,电子信息（01方向 新一代电子信息技术）,335,,,408计算机学科专业基础,媒体整理,https://m.okaoyan.com/hehaidaxue/fenshuxian_981687.html,2026年按方向单独划线,华东,电子信息(大类),,中等
西南交通大学,211,四川,成都,计算机与人工智能学院,085405,软件工程（全日制）,335,,,,院系官网,https://scai.swjtu.edu.cn/web/download?m=downLoad&fid=7aed853e-1560-45d5-b420-efc2fe266452,,西南,软件工程,,中等
郑州大学,211,河南,郑州,河南先进技术研究院,085404,计算机技术,335,310,,408计算机学科专业基础,官网,https://yz.zzu.edu.cn/info/1070/2376.htm,2026年一志愿复试线；单科45/45/60/60,华中,计算机技术,25,中等
郑州大学,211,河南,郑州,计算机与人工智能学院,085410,人工智能,335,336,,408计算机学科专业基础,官网,https://yz.zzu.edu.cn/info/1070/2376.htm,2026年一志愿复试线；单科35/35/53/53,华中,人工智能,-1,中等
长安大学,211,陕西,西安,数据科学与人工智能研究院,085400,电子信息（不区分研究方向）,335,,10,846计算机类学科基础,官网,https://webplus.chd.edu.cn/_s79/2026/0325/c2769a259633/page.psp,022数据科学与人工智能研究院085400总分335；plan26来自专业目录不含推免数,西北,电子信息(大类),,中等
华中科技大学,985,湖北,武汉,人工智能与自动化学院,085410,人工智能,335,,,,媒体整理,http://www.hustky.net/article/1263.html,,华中,人工智能,,中等
南京大学,985,江苏,南京,计算机学院,085412,网络与信息安全,335,,9,408计算机学科专业基础,官网复试方案,https://static.kaoyan.cn/file/2026/03/18/cbb2122e313fb6ca5a56b053dd2d14ca.pdf,,华东,网络与信息安全,,中等
电子科技大学,985,四川,深圳,电子科技大学（深圳）高等研究院,085404,不区分招生方向,335,,,,官网,https://yz.uestc.edu.cn/info/1082/5854.htm,深圳高等研究院（异地研究院）,西南,计算机技术,,中等
浙江理工大学,双非,浙江,杭州,计算机科学与技术学院(人工智能学院),085410,人工智能,335,290,22,408计算机学科专业基础,官网,https://gradschool.zstu.edu.cn/info/1135/8507.htm,,华东,人工智能,45,中等
深圳大学,双非,广东,深圳,人工智能学院,085410,人工智能,335,,,,官网,https://yz.szu.edu.cn/info/1041/14396.htm,,华南,人工智能,,中等
上海大学,211,上海,上海,未来技术学院（人工智能研究院）,085410,人工智能,334,,,,官网,https://gmis.shu.edu.cn/php/pub/ss_fengshuxian.php?year=2022,2026年校线；单科50/40/80/70,华东,人工智能,,中等
中北大学,双非,山西,太原,信息与通信工程学院,085401,新一代电子信息技术(含量子技术等),334,293,,,官网,https://grs.nuc.edu.cn/info/1015/9105.htm,人民兵工第一校,华北,新一代电子信息技术,41,中等
南京信息工程大学,双非,江苏,南京,软件学院,085405,软件工程,334,,,,媒体整理,https://ima.qq.com/wiki/?shareId=a8f54ff25963d562f0b1c66dca221806cb4648cc8456ef3df727974d5603e432,,华东,软件工程,,中等
广东工业大学,双非,广东,广州,计算机学院,085404,计算机技术,334,,,,媒体整理,https://www.qinggk.com/job/kaoyan/school/137,,华南,计算机技术,,中等
北京邮电大学,211,北京,北京,电子工程学院,085401,新一代电子信息技术（含量子技术等）,333,,,,媒体整理,http://www.bkzzy.com/dongtai/107291.shtml,,华北,新一代电子信息技术,,中等
大连海事大学,211,辽宁,大连,信息科学技术学院,085405,软件工程,333,,9,,官网复试方案,https://yz.chsi.com.cn/zsgs/fslq/detail.action?schCode=10151&zsgsId=3543845953,校总分线333,东北,软件工程,,中等
福州大学,211,福建,福州,先进制造学院,085401,新一代电子信息技术（含量子技术等）,333,,,866信号与系统,媒体整理,https://blog.csdn.net/mengmajiaoyu/article/details/163706715,2026年院线（西海联培专硕）,华东,新一代电子信息技术,,中等
中国海洋大学,985,山东,青岛,信息科学与工程学部,085401,新一代电子信息技术（含量子技术等）,333,,,,官网,https://yz.ouc.edu.cn/2026/0320/c31626a522722/page.htm,主校区（01方向）,华东,新一代电子信息技术,,中等
中国海洋大学,985,山东,青岛,信息科学与工程学部,085404,计算机技术（三亚）,333,,,,官网,https://yz.ouc.edu.cn/2026/0320/c31626a522722/page.htm,三亚海洋研究院计划,华东,计算机技术,,中等
中北大学,双非,山西,太原,软件学院,085405,软件工程,333,295,,,官网,https://grs.nuc.edu.cn/info/1015/9105.htm,,华北,软件工程,38,中等
北京交通大学,211,北京,北京,软件学院,085405,软件工程,332,,,,官网,https://gs.bjtu.edu.cn/tzgg/qb/537f8eb85d004e9d81bb09eaf3f9e03f.htm,,华北,软件工程,,中等
华北电力大学(北京),211,北京,北京,控制与计算机工程学院,085404,计算机技术,332,,31,,官网复试方案,https://cce.ncepu.edu.cn//yjspy/zsxx1/067d122d9ba342eeb6ecc5e3a28ff1d1.htm,普通招考规模31（总39，推免8）,华北,计算机技术,,中等
中国海洋大学,985,山东,青岛,信息科学与工程学部,085410,人工智能（三亚）,332,,,,官网,https://yz.ouc.edu.cn/2026/0320/c31626a522722/page.htm,三亚海洋研究院计划,华东,人工智能,,中等
清华大学,985,北京,北京,计算机科学与技术系,085400,计算机科学与技术专业硕士,332,,,826计算机专业基础综合,官网复试方案,https://www.cs.tsinghua.edu.cn/__local/2/61/95/4C94CF457D646F37696E0C6F9A2_CF817E0D_1B395.pdf,,华北,电子信息(大类),,中等
中北大学,双非,山西,太原,信息与通信工程学院,085402,通信工程(含宽带网络、移动通信等),332,293,,,官网,https://grs.nuc.edu.cn/info/1015/9105.htm,,华北,通信工程,39,中等
成都理工大学,双非,四川,成都,计算机与网络安全学院(示范性软件学院),085404,计算机技术,332,,,408计算机学科专业基础,官网,https://gra.cdut.edu.cn/info/1074/5773.htm,,西南,计算机技术,,中等
深圳大学,双非,广东,深圳,计算机与软件学院,085410,人工智能,332,,,,官网,https://yz.szu.edu.cn/info/1041/14396.htm,,华南,人工智能,,中等
重庆邮电大学,双非,重庆,重庆,集成电路学院,085403,集成电路工程,332,285,,,媒体整理,https://www.chinakaoyan.com/graduate/info/nid/668021/schoolID/751.shtml,2025届在光电工程学院,西南,集成电路工程,47,中等
北京邮电大学,211,北京,北京,信息与通信工程学院,085402,通信工程（含宽带网络、移动通信等）,331,,,,官网复试方案,https://sice.bupt.edu.cn/info/1013/2663.htm,,华北,通信工程,,中等
华中师范大学,211,湖北,武汉,人工智能教育学部,085410,人工智能,331,,,408 计算机学科专业基础,媒体整理,https://kaoyan.xdf.cn/202610/15419732.html,第三方汇总口径为校线331分，未能核到学院细则原文,华中,人工智能,,中等
暨南大学,211,广东,广州,信息科学技术学院,085404,计算机技术,331,,,408计算机学科专业基础,媒体整理,https://noobdream.com/schoolinfo/45,2026年院线,华南,计算机技术,,中等
中国科学技术大学,985,安徽,合肥,国家卓越工程师学院（先进技术研究院）,085400,控制工程方向（085406控制工程）,331,,,,院系官网,https://see.ustc.edu.cn/2026/0320/c37721a723710/page.htm,,华东,电子信息(大类),,中等
华北电力大学(保定),211,河北,保定,电子与通信工程系,085402,通信工程（含宽带网络、移动通信等）,330,,90,,官网,https://gs.ncepu.edu.cn/docs/2026-06/6c8529c1424d422aa89fe671858adfa2.pdf,全日制90+非全日制0,华北,通信工程,,中等
海南大学,211,海南,海口,计算机科学与技术学院,085404,计算机技术,330,271,30（含推免1、少干专项2）,408计算机学科专业基础,媒体整理,https://www.noobdream.com/schoolinfo/272,2026年院线,华南,计算机技术,59,中等
西安电子科技大学,211,陕西,西安,光电工程学院,085408,01 光电信息工程（全日制）,330,,19,,院系官网,https://jixun.iqihang.com/zixun/fenshuxian/2026749593.html,启航转载学院细则,西北,光电信息工程,,中等
中国科学技术大学,985,安徽,合肥,生物医学工程学院,085400,计算机技术,330,,,,院系官网,https://bme.ustc.edu.cn/2026/0319/c28141a723645/page.htm,,华东,电子信息(大类),,中等
华中科技大学,985,湖北,武汉,光学与电子信息学院,085401,新一代电子信息技术,330,,,,媒体整理,http://www.hustky.net/article/1263.html,,华中,新一代电子信息技术,,中等
华中科技大学,985,湖北,武汉,光学与电子信息学院,085402,通信工程,330,,,,媒体整理,http://www.hustky.net/article/1263.html,,华中,通信工程,,中等
华中科技大学,985,湖北,武汉,计算机科学与技术学院,085404,计算机技术,330,,,,媒体整理,http://www.hustky.net/article/1263.html,,华中,计算机技术,,中等
同济大学,985,上海,上海,电子与信息工程学院,085400,智慧环境工程、智慧农业与生态,330,,,,院系官网,https://ima.qq.com/wiki/?shareId=a8f54ff25963d562f0b1c66dca221806cb4648cc8456ef3df727974d5603e432,转引自同济大学电子与信息工程学院2026年复试成绩基本要求,华东,电子信息(大类),,中等
清华大学,985,北京,北京,深圳国际研究生院,085400,生物医学工程,330,,,,媒体整理,http://www.ssqbedu.com/Index/newslook/id/50/newid/18600.html,异地校区（深圳）,华北,电子信息(大类),,中等
清华大学,985,北京,北京,深圳国际研究生院,085400,大模型科学与工程,330,,14,,媒体整理,http://www.ssthupku.com/Index/newslook/id/50/newid/17911.html,异地校区（深圳）,华北,电子信息(大类),,中等
清华大学,985,北京,北京,生物医学工程学院,085400,创新医疗器械,330,,,,官网复试方案,https://yzbm.tsinghua.edu.cn/publish/s02/s0201/detail/d8b3cbe8-6ed5-4c72-a148-38afd2d9caca?yxsdm=502,校线330,华北,电子信息(大类),,中等
电子科技大学,985,四川,成都,电子科学与工程学院,085400,方向1,330,290,,,官网,https://yz.uestc.edu.cn/info/1082/5854.htm,,西南,电子信息(大类),40,中等
南京邮电大学,双非,江苏,南京,中国信息通信科技集团联合培养(卓越工程师专项),085400,电子信息,330,,,,媒体整理,https://m-jixun.iqihang.com/zixun/fenshuxian/2026748179.html,专项计划,华东,电子信息(大类),,中等
广东工业大学,双非,广东,广州,集成电路学院,085403,集成电路工程,330,,77,849电子技术基础,媒体整理,https://www.qinggk.com/job/kaoyan/school/137,含芯片设计与制造等方向,华南,集成电路工程,,中等
重庆邮电大学,双非,重庆,重庆,自动化学院,085406,控制工程,330,305,,,媒体整理,https://www.chinakaoyan.com/graduate/info/nid/668021/schoolID/751.shtml,,西南,控制工程,25,中等
重庆邮电大学,双非,重庆,重庆,计算机科学与技术学院,085404,计算机技术,330,292,,,媒体整理,https://www.chinakaoyan.com/graduate/info/nid/668021/schoolID/751.shtml,四邮之一,西南,计算机技术,38,中等
云南大学,211,云南,昆明,软件学院（人工智能学院）,085410,人工智能,329,,,408计算机学科专业基础,媒体整理,https://noobdream.com/schoolinfo/8,2026年院线,西南,人工智能,,中等
内蒙古大学,211,内蒙古,呼和浩特,计算机学院,085404,计算机技术,329,279,,408计算机学科专业基础,官网,https://gs.imu.edu.cn/info/1020/2262.htm,校自划线329；score25为媒体整理,华北,计算机技术,50,中等
上海大学,211,上海,上海,上海电影学院,085400,电子信息,328,,,,官网,https://gmis.shu.edu.cn/php/pub/ss_fengshuxian.php?year=2022,2026年校线；单科35/35/53/53,华东,电子信息(大类),,中等
东北林业大学,211,黑龙江,哈尔滨,计算机与控制工程学院,085404,计算机技术(01 计算机技术),328,,71,,官网,https://yz.nefu.edu.cn/info/1030/3796.htm,统考招生计划71人,东北,计算机技术,,中等
东北林业大学,211,黑龙江,哈尔滨,计算机与控制工程学院,085404,计算机技术(非全日制),328,,12,,官网,https://yz.nefu.edu.cn/info/1030/3796.htm,非全日制与全日制01方向同线328分,东北,计算机技术,,中等
中国地质大学(武汉),211,湖北,武汉,计算机学院,085400,电子信息(01-04 普通方向),328,325,130,,院系官网,https://cs.cug.edu.cn/info/1021/11021.htm,学院2026年复试基本分数线；普通计划130人,华中,电子信息(大类),3,中等
东南大学,985,江苏,南京,雷恩研究生学院,085404,计算机技术,328,,,,官网,https://yzb.seu.edu.cn/2026/0928/c6674a584558/page.htm,中法合作,华东,计算机技术,,中等
中国海洋大学,985,山东,青岛,信息科学与工程学部,085404,计算机技术（万里学院联合培养）,328,,,,官网,https://yz.ouc.edu.cn/2026/0320/c31626a522722/page.htm,联合培养,华东,计算机技术,,中等
东华大学,211,上海,上海,信息与智能科学学院,085406,控制工程,327,,,,官网,https://yjszs.dhu.edu.cn/2026/0320/c7128a372739/page.htm,2026年校线；单科35/53,华东,控制工程,,中等
广东工业大学,双非,广东,广州,计算机学院,085412,网络与信息安全,327,,,,媒体整理,https://www.qinggk.com/job/kaoyan/school/137,,华南,网络与信息安全,,中等
杭州电子科技大学,双非,浙江,杭州,自动化学院(人工智能学院),085406,控制工程,327,,,,官网复试方案,https://www.kaoyan.cn/news/273450,自划线，单科40,华东,控制工程,,中等
北京交通大学,211,北京,北京,电子信息工程学院,085410,人工智能,326,,,,官网,https://gs.bjtu.edu.cn/tzgg/qb/537f8eb85d004e9d81bb09eaf3f9e03f.htm,,华北,人工智能,,中等
华南师范大学,211,广东,广州,人工智能学院,085405,软件工程,326,309,54,408计算机学科专业基础,官网复试方案,http://ai.scnu.edu.cn/a/20260320/488.html,2026年学院初试合格最低分数线；拟招生54人（含推免5）,华南,软件工程,17,中等
苏州大学,211,江苏,苏州,计算机科学与技术学院,085410,人工智能,326,351,,408计算机学科专业基础,媒体整理,https://noobdream.com/schoolinfo/46,含10人+12人联培,华东,人工智能,-25,中等
辽宁大学,211,辽宁,沈阳,信息学部,085412,网络与信息安全,326,,15,408计算机学科专业基础,院系官网,https://sist.lnu.edu.cn/info/12675/2144.htm,计划招生17，已接收推免2，统考约15；复试差额120%,东北,网络与信息安全,,中等
天津理工大学,双非,天津,天津,集成电路科学与工程学院,085402,通信工程(含宽带网络、移动通信等),326,,,,官网,https://www.eduego.com/school126/fsx/3806.html,,华北,通信工程,,中等
成都理工大学,双非,四川,成都,机电工程学院,085402,通信工程(含宽带网络、移动通信等),326,,,,官网,https://gra.cdut.edu.cn/info/1074/5773.htm,,西南,通信工程,,中等
河南大学,双非,河南,开封,计算机与信息工程学院,085404,计算机技术,326,,50,408计算机学科专业基础,官网,https://grs.henu.edu.cn/046-2026nianshuoshiyanjiushengfushifenshuxian.pdf,双一流(生物学),华中,计算机技术,,中等
中国地质大学(北京),211,北京,北京,地球物理与信息技术学院,085400,电子信息,325,,,,官网复试方案,https://cms.cugb.edu.cn/yjsyzsb/c/2026-03-20/845992.shtml,学院2026年复试录取工作方案公布：085400电子信息325分,华北,电子信息(大类),,中等
华中农业大学,211,湖北,武汉,信息学院,085410,人工智能,325,,66,408 计算机学科专业基础,院系官网,https://coi.hzau.edu.cn/info/1611/61251.htm,统考招生计划66人（含卓工专项57人）,华中,人工智能,,中等
南昌大学,211,江西,南昌,数学与计算机学院,085412,网络与信息安全,325,,,408计算机学科专业基础,媒体整理,https://noobdream.com/schoolinfo/250,2026年院线,华东,网络与信息安全,,中等
南昌大学,211,江西,南昌,软件学院,085412,网络与信息安全,325,,,408计算机学科专业基础,媒体整理,https://noobdream.com/schoolinfo/250,2026年院线,华东,网络与信息安全,,中等
合肥工业大学,211,安徽,合肥,卓越工程师学院,085410,人工智能,325,,,,官网,https://yjszs.hfut.edu.cn/2026/0320/c13524a317912/page.htm,,华东,人工智能,,中等
太原理工大学,211,山西,太原,人工智能学院,085409,生物医学工程,325,,,,官网,https://www.gs.tyut.edu.cn/info/1261/15529.htm,,华北,生物医学工程,,中等
太原理工大学,211,山西,太原,集成电路学院,085403,集成电路工程,325,,,,官网,https://www.gs.tyut.edu.cn/info/1261/15529.htm,,华北,集成电路工程,,中等
湖南师范大学,211,湖南,长沙,信息科学与工程学院,085410,人工智能,325,,30,408 计算机学科专业基础,官网复试方案,https://m-jixun.iqihang.com/fuwu/zyjx/2024747605.html,学院2026年复试分数线325分,华中,人工智能,,中等
东南大学,985,江苏,南京,网络空间安全学院,085412,网络与信息安全,325,,,,官网,https://yzb.seu.edu.cn/2026/0928/c6674a584558/page.htm,,华东,网络与信息安全,,中等
华中科技大学,985,湖北,武汉,网络空间安全学院,085402,通信工程,325,,,,媒体整理,http://www.hustky.net/article/1263.html,,华中,通信工程,,中等
同济大学,985,上海,上海,电子与信息工程学院,085400,电子技术与集成电路工程,325,,,,院系官网,https://ima.qq.com/wiki/?shareId=a8f54ff25963d562f0b1c66dca221806cb4648cc8456ef3df727974d5603e432,转引自同济大学电子与信息工程学院2026年复试成绩基本要求,华东,电子信息(大类),,中等
大连理工大学,985,辽宁,大连,电子信息与电气工程学部,085400,电子信息（全日制，方向01-05）,325,,,,媒体整理,https://www.okaoyan.com/kaoyanshop/dlut/dianzixi/,学部统一划线，按研究方向分别排序录取,东北,电子信息(大类),,中等
大连理工大学,985,辽宁,大连,电子信息与电气工程学部,085400,电子信息（非全日制，方向06-09）,325,,,,媒体整理,https://www.okaoyan.com/kaoyanshop/dlut/dianzixi/,非全日制,东北,电子信息(大类),,中等
电子科技大学,985,四川,成都,自动化工程学院,085407,不区分招生方向,325,,,,官网,https://yz.uestc.edu.cn/info/1082/5854.htm,,西南,仪器仪表工程,,中等
南京邮电大学,双非,江苏,南京,人工智能学院,085400,电子信息,325,,,,媒体整理,https://m-jixun.iqihang.com/zixun/fenshuxian/2026748179.html,,华东,电子信息(大类),,中等
杭州电子科技大学,双非,浙江,杭州,计算机学院,085404,计算机技术,325,295,,,官网,https://grs.hdu.edu.cn/2026/0324/c13498a290580/page.htm,自划线,华东,计算机技术,30,中等
中国地质大学(武汉),211,湖北,武汉,地理与信息工程学院,085400,电子信息,324,309,,,官网复试方案,https://jixun.iqihang.com/zixun/fenshuxian/2026747696.html,学院2026年一志愿复试分数线324分,华中,电子信息(大类),15,中等
华南师范大学,211,广东,广州,人工智能学院,085410,人工智能,324,263,72,408计算机学科专业基础,官网复试方案,http://ai.scnu.edu.cn/a/20260320/488.html,2026年学院初试合格最低分数线；拟招生72人（含推免5）,华南,人工智能,61,中等
东北大学,985,辽宁,沈阳,软件学院,085405,软件工程,324,,,408 计算机学科专业基础,媒体整理,https://www.jiaoyubao.cn/news/n276542.html,中美双学位方向复试线343,东北,软件工程,,中等
南京信息工程大学,双非,江苏,南京,人工智能学院(未来技术学院),085410,人工智能(智慧气象与智能预报),324,,,,媒体整理,https://ima.qq.com/wiki/?shareId=a8f54ff25963d562f0b1c66dca221806cb4648cc8456ef3df727974d5603e432,,华东,人工智能,,中等
华中农业大学,211,湖北,武汉,信息学院,085404,计算机技术,323,303,20,408 计算机学科专业基础,院系官网,https://coi.hzau.edu.cn/info/1611/61251.htm,统考招生计划20人（含卓工专项8人、士兵3人）,华中,计算机技术,20,中等
南京信息工程大学,双非,江苏,南京,南信大浦口经开区创新港研究生培养基地,085410,人工智能,323,302,,,媒体整理,https://www.sohu.com/a/1055231927_122728280,异地研究院基地；考408,华东,人工智能,21,中等
武汉科技大学,双非,湖北,武汉,信息科学与工程学院(人工智能学院),085400,电子信息(02方向),323,316,,,媒体整理,https://www.tongxinkaoyan.com/28334.html,院内最热方向,华中,电子信息(大类),7,中等
东北林业大学,211,黑龙江,哈尔滨,计算机与控制工程学院,085405,软件工程,322,,10,,官网,https://yz.nefu.edu.cn/info/1030/3796.htm,统考招生计划10人,东北,软件工程,,中等
北京交通大学,211,北京,北京,计算机科学与技术学院,085404,计算机技术,322,,56,,官网,https://cs.bjtu.edu.cn/zsjy/yjszs3/yjszs_sszs/b18affb0f3024ed9b6c76869bca7cd8e.htm,含渤海计划25人,华北,计算机技术,,中等
贵州大学,211,贵州,贵阳,大数据与信息工程学院,085400,电子信息（新一代电子信息技术）,322,,61,834电子技术基础,官网复试方案,https://eie.gzu.edu.cn/2026/0320/c19137a266325/page.htm,2026年学院复试专业分数线；单科执行B类国家线,西南,电子信息(大类),,中等
北京理工大学,985,北京,北京,人工智能学院,085410,人工智能（自动化基础）,322,,,,院系官网,https://ai.bit.edu.cn/tzgg/2e1c1b4a084949959259a6f84f901a3f.htm,,华北,人工智能,,中等
西安邮电大学,双非,陕西,西安,电子工程学院/集成电路学院,085403,集成电路工程,322,,,,院系官网,https://dianxin.xupt.edu.cn/info/1157/5730.htm,,西北,集成电路工程,,中等
中国地质大学(武汉),211,湖北,武汉,国家地理信息系统工程技术研究中心(GIS研究中心),085400,电子信息,321,275,,,媒体整理,https://hwkyc.cn/kyzx/11-602.html,第三方汇总复试线321分，较2025年涨46分,华中,电子信息(大类),46,中等
北京交通大学,211,北京,北京,电子信息工程学院,085402,通信工程（含宽带网络、移动通信等）,321,,,,官网,https://gs.bjtu.edu.cn/tzgg/qb/537f8eb85d004e9d81bb09eaf3f9e03f.htm,,华北,通信工程,,中等
北京理工大学,985,北京,北京,人工智能学院,085410,人工智能（计算机基础）,321,,,,院系官网,https://ai.bit.edu.cn/tzgg/2e1c1b4a084949959259a6f84f901a3f.htm,,华北,人工智能,,中等
华东师范大学,985,上海,上海,卓越工程师学院,085410,人工智能,321,,17,,官网,https://static.kaoyan.cn/locoy/261/10069o5ziq5eitad.pdf,,华东,人工智能,,中等
南京信息工程大学,双非,江苏,南京,计算机学院、网络空间安全学院,085412,网络与信息安全,321,,,,媒体整理,https://ima.qq.com/wiki/?shareId=a8f54ff25963d562f0b1c66dca221806cb4648cc8456ef3df727974d5603e432,,华东,网络与信息安全,,中等
南京邮电大学,双非,江苏,南京,中国科学院大学南京学院联合培养(卓越研究生专项),085400,电子信息(电子与光学工程学院),321,,,,媒体整理,https://m-jixun.iqihang.com/zixun/fenshuxian/2026748179.html,专项计划,华东,电子信息(大类),,中等
南方科技大学,双非,广东,东莞,大湾区大学(联合培养),085400,电子信息,321,,15,,院系官网,https://www.gbu.edu.cn/pydt_details/1193.html,双一流；异地联培,华南,电子信息(大类),,中等
合肥工业大学,211,安徽,合肥,微电子学院,085401,新一代电子信息技术（含量子技术等）,320,,,,官网,https://yjszs.hfut.edu.cn/2026/0320/c13524a317912/page.htm,,华东,新一代电子信息技术,,中等
四川农业大学,211,四川,雅安,机电学院,085400,电子信息,320,,,,官网,https://yan.sicau.edu.cn/info/1025/14179.htm,学校分数线公示：417机电学院085400总分320，单科35/53,西南,电子信息(大类),,中等
新疆大学,211,新疆,乌鲁木齐,智能科学与技术学院（未来技术学院）,085400,电子信息（01控制工程）,320,,75,841自动控制理论（含现控）,媒体整理,https://m.kaoyan.cn:10443/school/283/score,官网页面为图片版未能读取；掌上考研整理085400控制工程方向320，自划线,西北,电子信息(大类),,中等
中国农业大学,985,北京,北京,信息与电气工程学院,085401,新一代电子信息技术,320,,,,官网复试方案,https://ciee.cau.edu.cn/art/2026/3/24/art_50390_1104031.html,,华北,新一代电子信息技术,,中等
中国农业大学,985,北京,北京,信息与电气工程学院,085404,计算机技术,320,320,37,821 数据结构,官网复试方案,https://ciee.cau.edu.cn/art/2026/3/24/art_50390_1104031.html,,华北,计算机技术,0,中等
华中科技大学,985,湖北,武汉,软件学院,085405,软件工程,320,,,,媒体整理,http://www.hustky.net/article/1263.html,,华中,软件工程,,中等
山东大学,985,山东,济南,控制科学与工程学院,085406,控制工程,320,,,,官网,https://www.yz.sdu.edu.cn/fabuban_shandongdaxue2026nianshuoshiyanjiushengzhaoshengkaoshikaoshengjinrufushidechushichengjijibenyaoqiu.pdf,校线；学院不单独划线。青岛/威海校区是否单独划线未查到,华东,控制工程,,中等
山东大学,985,山东,青岛,激光与红外系统集成技术教育部重点实验室,085401,新一代电子信息技术（含量子技术等）,320,,4,,官网,https://www.yz.sdu.edu.cn/fabuban_shandongdaxue2026nianshuoshiyanjiushengzhaoshengkaoshikaoshengjinrufushidechushichengjijibenyaoqiu.pdf,校线；2026统考拟录取4人、录取最低372分,华东,新一代电子信息技术,,中等
山东大学,985,山东,青岛,激光与红外系统集成技术教育部重点实验室,085408,光电信息工程,320,,14,,官网,https://www.yz.sdu.edu.cn/fabuban_shandongdaxue2026nianshuoshiyanjiushengzhaoshengkaoshikaoshengjinrufushidechushichengjijibenyaoqiu.pdf,校线；2026统考拟录取14人、录取最低340分,华东,光电信息工程,,中等
山东大学,985,山东,济南,计算机科学与技术学院,085404,计算机技术,320,,47,,官网,https://www.yz.sdu.edu.cn/fabuban_shandongdaxue2026nianshuoshiyanjiushengzhaoshengkaoshikaoshengjinrufushidechushichengjijibenyaoqiu.pdf,校线；学院不单独划线（以复试名单为准），2026该院统考拟录取47人、录取最低356分,华东,计算机技术,,中等
山东大学,985,山东,济南,软件学院,085405,软件工程,320,,,,官网,https://www.yz.sdu.edu.cn/fabuban_shandongdaxue2026nianshuoshiyanjiushengzhaoshengkaoshikaoshengjinrufushidechushichengjijibenyaoqiu.pdf,校线；学院不单独划线,华东,软件工程,,中等
电子科技大学,985,四川,成都,生命科学与技术学院,085409,不区分研究方向,320,,,,官网,https://yz.uestc.edu.cn/info/1082/5854.htm,,西南,生物医学工程,,中等
电子科技大学,985,四川,成都,电子科学技术研究院,085400,集成电路工程,320,285,,,官网,https://yz.uestc.edu.cn/info/1082/5854.htm,,西南,电子信息(大类),35,中等
电子科技大学,985,四川,成都,电子科学技术研究院,085400,电子系统综合与集成,320,285,,,官网,https://yz.uestc.edu.cn/info/1082/5854.htm,,西南,电子信息(大类),35,中等
西安交通大学,985,陕西,西安,仪器科学与技术学院,085407,仪器仪表工程,320,,,,院系官网,https://ist.xjtu.edu.cn/info/1015/2481.htm,,西北,仪器仪表工程,,中等
西安交通大学,985,陕西,西安,电子与信息学部-网络空间安全学院,085412,网络与信息安全,320,,,,媒体整理,https://cybersec.xjtu.edu.cn/info/1017/2112.htm,,西北,网络与信息安全,,中等
西安交通大学,985,陕西,西安,电子与信息学部-计算机科学与技术学院,085404,计算机技术,320,,,,院系官网,https://www.cs.xjtu.edu.cn/info/1233/3809.htm,,西北,计算机技术,,中等
重庆大学,985,重庆,重庆,大数据与软件学院,085405,软件工程,320,,23,877 软件工程学科基础,媒体整理,https://kaoyan.xdf.cn/202608/15335210.html,,西南,软件工程,,中等
山东科技大学,双非,山东,青岛,电子信息工程学院,085400,电子信息-01(新一代电子信息技术、通信工程、光电信息工程),320,,56,822电路、信号与系统,官网,https://yjsy.sdust.edu.cn/zhaosheng/info/1067/1878.htm,,华东,电子信息(大类),,中等
东北农业大学,211,黑龙江,哈尔滨,电气与信息学院,085400,电子信息,319,280,29,822 数字逻辑电路,官网,https://m.eduego.com/school65/fsx/3921.html,学校2026年一志愿进入复试初试成绩基本要求；2025年280分,东北,电子信息(大类),39,一般
云南大学,211,云南,昆明,软件学院（人工智能学院）,085405,软件工程,319,,,408计算机学科专业基础,媒体整理,https://noobdream.com/schoolinfo/8,2026年院线,西南,软件工程,,一般
中北大学,双非,山西,太原,信息与通信工程学院,085410,人工智能,319,270,,,官网,https://grs.nuc.edu.cn/info/1015/9105.htm,,华北,人工智能,49,一般
杭州电子科技大学,双非,浙江,杭州,电子信息学院,085401,新一代电子信息技术(含量子技术等),319,272,,,官网,https://grs.hdu.edu.cn/2026/0324/c13498a290580/page.htm,四电之一；自划线,华东,新一代电子信息技术,47,一般
北京化工大学,211,北京,北京,信息科学与技术学院,085401,新一代电子信息技术(含量子技术等),318,263,15,843信号与系统,官网复试方案,https://static.kaoyan.cn/locoy/411/10815xtjvsqe5enr.pdf,统考拟招15人,华北,新一代电子信息技术,55,一般
暨南大学,211,广东,广州,信息科学技术学院,085410,人工智能,318,,,408计算机学科专业基础,媒体整理,https://noobdream.com/schoolinfo/45,2026年院线,华南,人工智能,,一般
华东师范大学,985,上海,上海,卓越工程师学院,085405,软件工程,318,,27,,官网,https://static.kaoyan.cn/locoy/261/10069o5ziq5eitad.pdf,,华东,软件工程,,一般
上海理工大学,双非,上海,上海,光电信息与计算机工程学院,085400,电子信息(仪器仪表工程方向),318,,,808传感器技术,媒体整理,https://wap.kaoyan365.cn/fenshuxian/393214.html,,华东,电子信息(大类),,一般
东北林业大学,211,黑龙江,哈尔滨,计算机与控制工程学院,085401,新一代电子信息技术(含量子技术等),317,,22,829 信号系统和数字电路,官网,https://yz.nefu.edu.cn/info/1030/3796.htm,学校官网公布的2026年复试分数线及统考招生计划数,东北,新一代电子信息技术,,一般
中央财经大学,211,北京,北京,信息学院,085404,计算机技术,317,285,35,408 计算机学科专业基础,官网,https://m.okaoyan.com/zhongyangcaijing/fenshuxian_978946.html,电子信息大类（085404计算机技术+085410人工智能）合并划线317分；2026年录取35人（含1专项），2025年285分,华北,计算机技术,32,一般
中央财经大学,211,北京,北京,信息学院,085410,人工智能,317,285,35,408 计算机学科专业基础,官网,https://m.okaoyan.com/zhongyangcaijing/fenshuxian_978946.html,与计算机技术合并划线317分；2026年拟录取最低317、平均348,华北,人工智能,32,一般
安徽大学,211,安徽,合肥,计算机科学与技术学院,085404,计算机技术,317,303,,,官网,https://graschool.ahu.edu.cn/2026/0327/c9537a388290/page.htm,学院按0854大类统一划线,华东,计算机技术,14,一般
安徽大学,211,安徽,合肥,计算机科学与技术学院,085405,软件工程,317,303,,,官网,https://graschool.ahu.edu.cn/2026/0327/c9537a388290/page.htm,学院按0854大类统一划线,华东,软件工程,14,一般
安徽大学,211,安徽,合肥,计算机科学与技术学院,085410,人工智能,317,303,,,官网,https://graschool.ahu.edu.cn/2026/0327/c9537a388290/page.htm,学院按0854大类统一划线,华东,人工智能,14,一般
安徽大学,211,安徽,合肥,计算机科学与技术学院,085412,网络与信息安全,317,303,,,官网,https://graschool.ahu.edu.cn/2026/0327/c9537a388290/page.htm,学院按0854大类统一划线,华东,网络与信息安全,14,一般
江南大学,211,江苏,无锡,人工智能与计算机学院,085410,人工智能,317,343,,408计算机学科专业基础,官网,https://yz.jiangnan.edu.cn/info/1029/3750.htm,单科35/53,华东,人工智能,-26,一般
北京理工大学,985,北京,北京,计算机学院,085411,大数据技术与工程,317,,,,院系官网,https://cs.bit.edu.cn/tzgg/73af61ff989544648c966d7f9b8155ad.htm,,华北,大数据技术与工程,,一般
深圳大学,双非,广东,深圳,光明实验室,085404,计算机技术,317,,,,官网,https://yz.szu.edu.cn/info/1041/14396.htm,,华南,计算机技术,,一般
东北师范大学,211,吉林,长春,信息科学与技术学院,085410,人工智能,315,267,31,877算法与程序设计,官网复试方案,https://static.kaoyan.cn/file/2026/06/08/422a47430534c1e93ab06a6e146b8adf.pdf,学院复试细则：招生31，复试比例120%，复试线315,东北,人工智能,48,一般
太原理工大学,211,山西,太原,人工智能学院,085411,大数据技术与工程,315,,,,官网,https://www.gs.tyut.edu.cn/info/1261/15529.htm,,华北,大数据技术与工程,,一般
太原理工大学,211,山西,太原,软件学院,085405,软件工程,315,,,,官网,https://www.gs.tyut.edu.cn/info/1261/15529.htm,,华北,软件工程,,一般
西安电子科技大学,211,陕西,西安,卓越工程师学院（粤港澳大湾区基地/广州研究院）,085404,计算机技术（全日制）,315,,62,,官网复试方案,https://gzyjy.xidian.edu.cn/info/1009/37172.htm,,西北,计算机技术,,一般
西安电子科技大学,211,陕西,西安,卓越工程师学院（粤港澳大湾区基地/广州研究院）,085412,网络与信息安全（全日制）,315,,10,,官网复试方案,https://gzyjy.xidian.edu.cn/info/1009/37172.htm,,西北,网络与信息安全,,一般
东北大学,985,辽宁,沈阳,信息科学与工程学院,085401,新一代电子信息技术（含量子技术等）,315,,7,840 数字电子技术,官网,https://yz.chsi.com.cn/kyzx/fsfsx34/202603/20260316/2293451677.html,校线；学院未单独公布上调线,东北,新一代电子信息技术,,一般
东北大学,985,辽宁,沈阳,信息科学与工程学院,085406,控制工程（总校/秦皇岛/佛山/创新班）,315,,,839 自动控制原理及过程控制,官网,http://www.ise.neu.edu.cn/2026/0320/c157a451359/pagem.htm,校线；学院复试细则未公布具体分数线,东北,控制工程,,一般
中国人民大学,985,北京,北京,信息学院,085400,不区分方向,315,,,,院系官网,https://info.ruc.edu.cn/xwgg/xygg/0e3bf87bd79948f48f0e286be0876506.htm,,华北,电子信息(大类),,一般
中国人民大学,985,北京,北京,高瓴人工智能学院,085400,人工智能,315,,,,媒体整理,https://m.yanshuoshi.com/html/zzhx/36709.html,校线中信息学院、高瓴人工智能学院共用315,华北,电子信息(大类),,一般
兰州大学,985,甘肃,兰州,信息科学与工程学院,085400,电子信息（学院统一划线）,315,,,,官网,https://yz.lzu.edu.cn/shuoshishengzhaosheng/shuoshikaoshi/2026/0320/329117.html,学院调整线（校线300）,西北,电子信息(大类),,一般
兰州大学,985,甘肃,兰州,信息科学与工程学院,085402,通信工程（含宽带网络、移动通信等）,315,,41,805 电子线路基础（模拟电路、数字电路）,官网,https://yz.lzu.edu.cn/shuoshishengzhaosheng/shuoshikaoshi/2026/0320/329117.html,执行学院电子信息调整线315,西北,通信工程,,一般
兰州大学,985,甘肃,兰州,信息科学与工程学院,085404,计算机技术,315,,,,官网,https://yz.lzu.edu.cn/shuoshishengzhaosheng/shuoshikaoshi/2026/0320/329117.html,执行学院电子信息调整线315；2026录取最低315分,西北,计算机技术,,一般
同济大学,985,上海,上海,物理科学与工程学院,085400,不区分方向,315,,,,院系官网,https://physics.tongji.edu.cn/__local/9/51/4A/5559598743AB818DB4299B8A1C8_1D0958DC_3FBBF.pdf,校线315,华东,电子信息(大类),,一般
天津大学,985,天津,天津,专业学位教育中心（计算机科学与技术学院）,085400,计算机科学与技术（非全日制）,315,,,408计算机学科专业基础,院系官网,https://cs.tju.edu.cn/info/1171/4781.htm,非全日制,华北,电子信息(大类),,一般
天津大学,985,天津,天津,微电子学院,085400,不区分方向,315,,,,官网,https://yzb.tju.edu.cn/xwzx//zxxx/202603/t20260313_324567.htm,校线,华北,电子信息(大类),,一般
天津大学,985,天津,天津,新媒体与传播学院,085400,不区分方向,315,,2,,院系官网,https://snmc.tju.edu.cn/info/1120/7678.htm,,华北,电子信息(大类),,一般
天津大学,985,天津,天津,智能与计算学部（计算机科学与技术学院）,085400,计算机科学与技术,315,,,,官网,https://yzb.tju.edu.cn/xwzx//zxxx/202603/t20260313_324567.htm,校线,华北,电子信息(大类),,一般
天津大学,985,天津,天津,电气自动化与信息工程学院,085400,控制工程,315,,,,官网,https://yzb.tju.edu.cn/xwzx//zxxx/202603/t20260313_324567.htm,校线,华北,电子信息(大类),,一般
电子科技大学,985,四川,深圳,电子科技大学（深圳）高等研究院,085401,电子信息材料与元器件,315,,,,官网,https://yz.uestc.edu.cn/info/1082/5854.htm,深圳高等研究院（异地研究院）,西南,新一代电子信息技术,,一般
电子科技大学,985,四川,深圳,电子科技大学（深圳）高等研究院,085405,不区分招生方向,315,,,,官网,https://yz.uestc.edu.cn/info/1082/5854.htm,深圳高等研究院（异地研究院）,西南,软件工程,,一般
电子科技大学,985,四川,成都,集成电路科学与工程学院,085403,纳电子科学与集成电路制造工程,315,,,,官网,https://yz.uestc.edu.cn/info/1082/5854.htm,,西南,集成电路工程,,一般
上海理工大学,双非,上海,上海,光电信息与计算机工程学院,085406,控制工程,315,,,,媒体整理,https://wap.kaoyan365.cn/fenshuxian/393214.html,,华东,控制工程,,一般
天津理工大学,双非,天津,天津,计算机科学与工程学院,085410,人工智能,315,,,408计算机学科专业基础,官网,https://www.eduego.com/school126/fsx/3806.html,,华北,人工智能,,一般
江苏大学,双非,江苏,镇江,计算机科学与通信工程学院,085404,计算机技术,315,,,,院系官网,https://cs.ujs.edu.cn/info/1069/47467.htm,自划线35/35/70/70/315,华东,计算机技术,,一般
中国石油大学(北京),211,新疆,克拉玛依,克拉玛依校区,085404,计算机技术,314,,,,官网,https://www.cupk.edu.cn/yjsb/upload/resources/file/2026/04/02/111354.pdf,克拉玛依校区单独划线,西北,计算机技术,,一般
中国石油大学(华东),211,山东,青岛,海洋与空间信息学院,085402,通信工程(含宽带网络、移动通信等),313,,16,,院系官网,https://ocean.upc.edu.cn/_upload/article/files/5c/fa/3054eca5402c81fa8d187922bd48/d7350596-86f0-4e94-9319-6fb9941fb9c8.pdf,另有科教融合创新实验班3人、少干1人,华东,通信工程,,一般
武汉理工大学,211,湖北,武汉,计算机与人工智能学院,085404,(02) 计算机技术,313,,,,媒体整理,http://hwkyc.cn/kyzx/11-602.html,,华中,计算机技术,,一般
陕西师范大学,211,陕西,西安,物理学与信息技术学院,085402,通信工程（含宽带网络、移动通信等）,313,,21,,官网,https://yz.snnu.edu.cn/ss26-015.pdf,015学院085402总分313,西北,通信工程,,一般
中央民族大学,985,北京,北京,信息工程学院,085400,新一代电子信息技术、计算机技术、人工智能,313,264,182,408 计算机学科专业基础,官网,https://grs.muc.edu.cn/yjsyzsw/info/1116/6049.htm,2026年起改考408；拟录取182人（含专项）,华北,电子信息(大类),49,一般
东北电力大学,双非,吉林,吉林,自动化工程学院,085406,控制工程,313,263,,,官网,https://m.kaoyan.cn:10443/news/266822,2025年263分，2026年暴涨50分,东北,控制工程,50,一般
北京邮电大学,211,北京,北京,人工智能学院,085410,人工智能与信息网络,312,,,,媒体整理,http://www.bkzzy.com/dongtai/107291.shtml,,华北,人工智能,,一般
南京师范大学,211,江苏,南京,计算机与电子信息学院,085400,电子信息（01电子与通信工程）,312,,37,,官网,https://yjszs.njnu.edu.cn/,2026年复试基本要求（校复试线PDF）,华东,电子信息(大类),,一般
中北大学,双非,山西,太原,卓越工程师学院,085405,软件工程,312,,,,官网,https://grs.nuc.edu.cn/info/1015/9105.htm,专项学院,华北,软件工程,,一般
南京信息工程大学,双非,江苏,无锡,南信大无锡研究生联合培养基地,085404,计算机技术,312,,,,院系官网,https://scs.nuist.edu.cn/2026/0320/c5923a296267/page.htm,异地研究院基地,华东,计算机技术,,一般
天津理工大学,双非,天津,天津,计算机科学与工程学院,085404,计算机技术,312,,93,408计算机学科专业基础,官网,https://www.eduego.com/school126/fsx/3806.html,,华北,计算机技术,,一般
武汉科技大学,双非,湖北,武汉,计算机科学与技术学院,085400,电子信息,312,292,,408计算机学科专业基础,媒体整理,https://www.noobdream.com/schoolinfo/89,2026较2025涨20分,华中,电子信息(大类),20,一般
深圳大学,双非,广东,深圳,光明实验室,085410,人工智能,312,,,,官网,https://yz.szu.edu.cn/info/1041/14396.htm,,华南,人工智能,,一般
深圳大学,双非,广东,深圳,深圳理工大学联培项目,085404,计算机技术,312,,,,官网,https://yz.szu.edu.cn/info/1041/14396.htm,联培专项,华南,计算机技术,,一般
辽宁大学,211,辽宁,沈阳,信息学部,085410,人工智能,311,,15,408计算机学科专业基础,院系官网,https://sist.lnu.edu.cn/info/12675/2144.htm,计划招生17，已接收推免2，统考约15；复试差额120%,东北,人工智能,,一般
中北大学,双非,山西,太原,仪器与电子学院,085407,仪器仪表工程,311,283,,,官网,https://grs.nuc.edu.cn/info/1015/9105.htm,,华北,仪器仪表工程,28,一般
浙江理工大学,双非,浙江,杭州,信息科学与工程学院(网络空间安全学院),085412,网络与信息安全,311,261,,408计算机学科专业基础,官网,https://gradschool.zstu.edu.cn/info/1135/8507.htm,,华东,网络与信息安全,50,一般
北京邮电大学,211,北京,北京,集成电路学院,085403,集成电路工程,310,,,,媒体整理,http://www.bkzzy.com/dongtai/107291.shtml,,华北,集成电路工程,,一般
南京理工大学,211,江苏,南京,物理学院,085408,光电信息工程,310,,,,官网,https://m.gaodun.com/kaoyan/1777786.html,,华东,光电信息工程,,一般
太原理工大学,211,山西,太原,计算机科学与技术学院（大数据学院）,085412,网络与信息安全,310,,,,官网,https://www.gs.tyut.edu.cn/info/1261/15529.htm,,华北,网络与信息安全,,一般
西南交通大学,211,四川,成都,计算机与人工智能学院,085410,人工智能（全日制）,310,,,,院系官网,https://scai.swjtu.edu.cn/web/download?m=downLoad&fid=7aed853e-1560-45d5-b420-efc2fe266452,,西南,人工智能,,一般
西安电子科技大学,211,陕西,西安,计算机科学与技术学院,085404,01 计算机技术（全日制）,310,,62,,媒体整理,https://www.yuloo.com/zzy/xidian/news/1994725.shtml,学院官网页面表格未抓取到，媒体汇总值待核,西北,计算机技术,,一般
东南大学,985,江苏,南京,国际学院（苏州）,085400,健康数据科学,310,,,,官网,https://yzb.seu.edu.cn/2026/0928/c6674a584558/page.htm,苏州联合研究生院,华东,电子信息(大类),,一般
中国科学技术大学,985,安徽,合肥,生物医学工程学院,085400,生物医学工程,310,,,,院系官网,https://bme.ustc.edu.cn/2026/0319/c28141a723645/page.htm,,华东,电子信息(大类),,一般
中国科学技术大学,985,安徽,合肥,生物医学工程学院,085400,仪器仪表工程,310,,,,院系官网,https://bme.ustc.edu.cn/2026/0319/c28141a723645/page.htm,,华东,电子信息(大类),,一般
北京航空航天大学,985,北京,北京,计算机学院,085404,计算机技术（全日制）,310,,49,,媒体整理,https://static.kaoyan.cn/file/2026/05/15/9d8bbbd27d9676d1108bfcae556629e4.pdf,含境外联培4、网安班9、储才计划3,华北,计算机技术,,一般
北京航空航天大学,985,北京,北京,计算机学院,085404,计算机技术（非全日制）,310,,2,,媒体整理,https://static.kaoyan.cn/file/2026/05/15/9d8bbbd27d9676d1108bfcae556629e4.pdf,非全日制,华北,计算机技术,,一般
北京航空航天大学,985,北京,北京,软件学院,085405,软件工程（全日制）,310,,15,,媒体整理,https://m.educity.cn/kyyy/5465917.html,,华北,软件工程,,一般
北京航空航天大学,985,北京,北京,软件学院,085405,软件工程（非全日制）,310,,21,,媒体整理,https://m.educity.cn/kyyy/5465917.html,非全日制,华北,软件工程,,一般
华东师范大学,985,上海,上海,上海智能教育研究院,085410,人工智能,310,,24,,官网,https://static.kaoyan.cn/locoy/261/10069o5ziq5eitad.pdf,,华东,人工智能,,一般
哈尔滨工业大学,985,黑龙江,哈尔滨,工程联培专项（未来工学院）,085400,不区分方向,310,,,,官网复试方案,https://ees.hit.edu.cn/_upload/article/files/49/ec/12ca6ab947e8b16c638496408c22/58aca277-2fac-42f3-87dd-c73148603daf.pdf,专项计划，执行校线,东北,电子信息(大类),,一般
哈尔滨工业大学,985,黑龙江,哈尔滨,未来工学院（工程联培）,085400,不区分方向,310,,,,媒体整理,https://c.m.163.com/news/a/KOPJDR6P0553T4Y3.html,校线，大量接收调剂,东北,电子信息(大类),,一般
武汉大学,985,湖北,武汉,电子信息学院,085405,软件工程（中外合作）,310,,,,媒体整理,https://m.eduego.com/school26/fsx/3648.html,中外合作办学,华中,软件工程,,一般
电子科技大学,985,四川,成都,物理学院,085400,不区分招生方向,310,,,,官网,https://yz.uestc.edu.cn/info/1082/5854.htm,,西南,电子信息(大类),,一般
电子科技大学,985,四川,成都,物理学院,085400,不区分招生方向(非全),310,,,,官网,https://yz.uestc.edu.cn/info/1082/5854.htm,非全日制,西南,电子信息(大类),,一般
西北工业大学,985,陕西,西安,航海学院,085401,声学信息感知与识别,310,,6,,院系官网,https://hanghai.nwpu.edu.cn/info/1548/25512.htm,,西北,新一代电子信息技术,,一般
西北工业大学,985,陕西,西安,航海学院,085401,声学工程与检测技术（宁波基地）,310,,9,,院系官网,https://hanghai.nwpu.edu.cn/info/1548/25512.htm,宁波基地,西北,新一代电子信息技术,,一般
西北工业大学,985,陕西,西安,计算机学院,085403,集成电路工程,310,,2,,院系官网,https://jsj.nwpu.edu.cn/info/1599/29115.htm,,西北,集成电路工程,,一般
西北工业大学,985,陕西,西安,软件学院,085405,软件工程（非全日制）,310,,80,,院系官网,https://ruanjian.nwpu.edu.cn/info/1133/14566.htm,非全日制,西北,软件工程,,一般
西北工业大学,985,陕西,西安,集成电路学院（微电子学院）,085401,新一代电子信息技术（含量子技术等）,310,,6,,院系官网,https://weidianzi.nwpu.edu.cn/info/1132/16593.htm,,西北,新一代电子信息技术,,一般
西北工业大学,985,陕西,西安,集成电路学院（微电子学院）,085403,集成电路工程,310,,24,,院系官网,https://weidianzi.nwpu.edu.cn/info/1132/16593.htm,,西北,集成电路工程,,一般
西北工业大学,985,陕西,西安,集成电路学院（微电子学院）,085410,人工智能,310,,2,,院系官网,https://weidianzi.nwpu.edu.cn/info/1132/16593.htm,,西北,人工智能,,一般
重庆大学,985,重庆,重庆,国家（重庆）卓越工程师学院,085400,智能网联汽车,310,,22,917 计算机专业基础综合（自命题）,媒体整理,https://www.ludengkaoyan.com/school33/qrz/zsml/28289.html,校线,西南,电子信息(大类),,一般
上海理工大学,双非,上海,上海,光电信息与计算机工程学院,085404,计算机技术,310,,,,媒体整理,https://wap.kaoyan365.cn/fenshuxian/393214.html,,华东,计算机技术,,一般
成都信息工程大学,双非,四川,成都,通信工程学院(微电子学院),085401,新一代电子信息技术(含量子技术等),310,,,,官网,https://gs.cuit.edu.cn/info/1017/1881.htm,全校唯一自划线专业，单科50/70,西南,新一代电子信息技术,,一般
内蒙古大学,211,内蒙古,呼和浩特,计算机学院,085410,人工智能,309,259,,408计算机学科专业基础,官网,https://gs.imu.edu.cn/info/1020/2262.htm,校自划线309；score25为媒体整理,华北,人工智能,50,一般
北京化工大学,211,北京,北京,信息科学与技术学院,085404,计算机技术,309,284,18,844计算机学科专业基础综合,官网复试方案,https://static.kaoyan.cn/locoy/411/10815xtjvsqe5enr.pdf,统考拟招18人；2026改考408,华北,计算机技术,25,一般
长安大学,211,陕西,西安,信息工程学院,085410,人工智能,309,,,,官网,https://it.chd.edu.cn/info/1013/1793.htm,学院复试细则复试线309,西北,人工智能,,一般
中山大学,985,广东,广州,计算机学院,085411,大数据技术与工程（非全日制）,309,,40,,院系官网,https://cse.sysu.edu.cn/article/3475,非全日制,华南,大数据技术与工程,,一般
南京邮电大学,双非,江苏,南京,中国信息通信科技集团联合培养(卓越工程师专项),085404,计算机技术,309,,,,媒体整理,https://m-jixun.iqihang.com/zixun/fenshuxian/2026748179.html,专项计划,华东,计算机技术,,一般
成都理工大学,双非,四川,成都,机电工程学院,085401,新一代电子信息技术(含量子技术等),309,,,,官网,https://gra.cdut.edu.cn/info/1074/5773.htm,,西南,新一代电子信息技术,,一般
成都理工大学,双非,四川,成都,计算机与网络安全学院(示范性软件学院),085405,软件工程,309,,,408计算机学科专业基础,官网,https://gra.cdut.edu.cn/info/1074/5773.htm,,西南,软件工程,,一般
海南大学,211,海南,海口,网络空间安全学院（密码学院）,085411,大数据技术与工程,308,,,408计算机学科专业基础,媒体整理,https://www.noobdream.com/schoolinfo/272,2026年院线,华南,大数据技术与工程,,一般
湖南师范大学,211,湖南,长沙,信息科学与工程学院,085404,计算机技术(全日制),308,,36,408 计算机学科专业基础,官网复试方案,https://m-jixun.iqihang.com/fuwu/zyjx/2024747605.html,复试比例1.5；另有非全日制5人,华中,计算机技术,,一般
湖南师范大学,211,湖南,长沙,信息科学与工程学院,085404,计算机技术(非全日制),308,,5,408 计算机学科专业基础,官网复试方案,https://m-jixun.iqihang.com/fuwu/zyjx/2024747605.html,非全日制与全日制同一分数线308分，计划5人,华中,计算机技术,,一般
成都理工大学,双非,四川,成都,计算机与网络安全学院(示范性软件学院),085410,人工智能,308,,,408计算机学科专业基础,官网,https://gra.cdut.edu.cn/info/1074/5773.htm,,西南,人工智能,,一般
北京交通大学,211,北京,北京,自动化与智能学院,085406,控制工程,307,,,,官网,https://gs.bjtu.edu.cn/tzgg/qb/537f8eb85d004e9d81bb09eaf3f9e03f.htm,,华北,控制工程,,一般
四川农业大学,211,四川,雅安,信息工程学院,085400,电子信息（计算机技术、人工智能、大数据技术与工程）,307,330,35,408计算机学科专业基础,官网,https://yan.sicau.edu.cn/info/1025/14179.htm,学校分数线公示：419信息工程学院085400总分307，单科35/53；plan26为实际拟录取人数,西南,电子信息(大类),-23,一般
西南大学,211,重庆,重庆,人工智能学院,085400,电子信息（人工智能方向，27考研改码085410）,307,,,计算机基础与数字电路,院系官网,https://ai.swu.edu.cn/info/1109/3876.htm,学院复试细则：085400总分307，单科35/53,西南,电子信息(大类),,一般
宁夏大学,211,宁夏,银川,电子与电气工程学院,085402,通信工程（含宽带网络、移动通信等）,306,,,,官网,https://www.okaoyan.com/ningxiadaxue/kaoyanfenshuxian_977991.html,校自划线306,西北,通信工程,,一般
河海大学,211,江苏,南京,人工智能与自动化学院,085400,电子信息（03方向）,306,,,,媒体整理,https://m.okaoyan.com/hehaidaxue/fenshuxian_981687.html,2026年按方向单独划线,华东,电子信息(大类),,一般
河海大学,211,江苏,南京,人工智能与自动化学院,085400,电子信息（04方向）,306,,,,媒体整理,https://m.okaoyan.com/hehaidaxue/fenshuxian_981687.html,2026年按方向单独划线,华东,电子信息(大类),,一般
郑州大学,211,河南,郑州,网络空间安全学院,085412,网络与信息安全,306,336,,408计算机学科专业基础,官网,https://yz.zzu.edu.cn/info/1070/2376.htm,2026年一志愿复试线；单科35/35/53/53,华中,网络与信息安全,-30,一般
南京邮电大学,双非,江苏,南京,中国科学院大学南京学院联合培养(卓越研究生专项),085404,计算机技术,306,,,,媒体整理,https://m-jixun.iqihang.com/zixun/fenshuxian/2026748179.html,专项计划,华东,计算机技术,,一般
深圳大学,双非,广东,深圳,医学部,085409,生物医学工程,306,,,,官网,https://yz.szu.edu.cn/info/1041/14396.htm,,华南,生物医学工程,,一般
上海大学,211,上海,上海,计算机工程与科学学院,085410,人工智能,305,,,,官网,https://gmis.shu.edu.cn/php/pub/ss_fengshuxian.php?year=2022,2026年校线；单科45/40/75/60,华东,人工智能,,一般
北京科技大学,211,北京,北京,计算机与通信工程学院,085404,计算机技术,305,,37,408 计算机学科专业基础,媒体整理,http://www.shuoedu.com/article.php?id=434387,2026起业务课二改统考408；统考名额约37,华北,计算机技术,,一般
华中师范大学,211,湖北,武汉,计算机学院,085405,软件工程,305,,19,408 计算机学科专业基础,院系官网,https://cs.ccnu.edu.cn/info/1056/10516.htm,剩余普通计划19人，复试23人,华中,软件工程,,一般
南京理工大学,211,江苏,南京,环境与生物工程学院,085409,生物医学工程,305,,,,官网,https://m.gaodun.com/kaoyan/1777786.html,,华东,生物医学工程,,一般
中南大学,985,湖南,长沙,卓越工程师学院,085409,生物医学工程,305,,,,官网复试方案,https://ima.qq.com/wiki/?shareId=a8f54ff25963d562f0b1c66dca221806cb4648cc8456ef3df727974d5603e432&mediaId=pdf_2c05161fa28950c0a275925fe16151cf_b0b51a14dc822bf98d589ffbf23fd1517505102176786184,执行工学校线305,华中,生物医学工程,,一般
华南理工大学,985,广东,广州,微电子学院,085400,电子信息,305,,33,,媒体整理,https://www.kaoyana.com/yanzhao/667144.html,校线305；学院单独划线未查到,华南,电子信息(大类),,一般
华南理工大学,985,广东,广州,未来技术学院,085400,电子信息,305,,10,,媒体整理,https://www.kaoyana.com/yanzhao/667144.html,校线305；学院单独划线未查到,华南,电子信息(大类),,一般
华南理工大学,985,广东,广州,电子与信息学院,085400,新一代电子信息技术（含量子技术等）,305,,87,811信号与系统,媒体整理,https://www.kaoyana.com/yanzhao/667144.html,校线305；学院单独划线未查到,华南,电子信息(大类),,一般
华南理工大学,985,广东,广州,自动化科学与工程学院,085406,控制工程,305,,,,媒体整理,https://www.kaoyana.com/yanzhao/667144.html,校线305,华南,控制工程,,一般
华南理工大学,985,广东,广州,计算机科学与工程学院,085404,计算机技术,305,,,,媒体整理,https://www.kaoyana.com/yanzhao/667144.html,校线305,华南,计算机技术,,一般
华南理工大学,985,广东,广州,软件学院,085405,软件工程,305,,,,媒体整理,https://www.kaoyana.com/yanzhao/667144.html,校线305,华南,软件工程,,一般
华南理工大学,985,广东,广州,集成电路学院,085403,集成电路工程,305,,,,媒体整理,https://www.kaoyana.com/yanzhao/667144.html,校线305,华南,集成电路工程,,一般
宁波大学,双一流,浙江,宁波,科学技术学院,085404,计算机技术,305,,,408 计算机学科专业基础,媒体整理,https://noobdream.com/schoolinfo/129,复试21+1专项；第三方汇总,华东,计算机技术,,一般
扬州大学,双非,江苏,扬州,信息与人工智能学院(工业软件学院),085402,通信工程(含宽带网络、移动通信等),305,,9,,院系官网,https://xxgcxy.yzu.edu.cn/info/1074/9071.htm,,华东,通信工程,,一般
云南大学,211,云南,昆明,软件学院（人工智能学院）,085412,网络与信息安全,304,,,408计算机学科专业基础,媒体整理,https://noobdream.com/schoolinfo/8,2026年院线,西南,网络与信息安全,,一般
西南大学,211,重庆,重庆,电子信息工程学院,085400,电子信息（新一代电子信息技术方向，27考研改码085401）,304,,75,计算机基础与数字电路,院系官网,https://ceie.swu.edu.cn/info/1058/6012.htm,拟招80，已接收推免5，统考约75；含高研院专项6、长安专项6、项目制专项27,西南,电子信息(大类),,一般
南京林业大学,双一流,江苏,南京,信息科学技术学院、人工智能学院,085400,电子信息(01 电子与通信),304,,30,电路,媒体整理,https://noobdream.com/schoolinfo/295,复试54人，录取30人；非全日制同线304分,华东,电子信息(大类),,一般
南京林业大学,双一流,江苏,南京,信息科学技术学院、人工智能学院,085400,电子信息(02 物联网工程),304,,12,电路,媒体整理,https://noobdream.com/schoolinfo/295,复试15人，录取12人；非全日制同线304分,华东,电子信息(大类),,一般
中北大学,双非,山西,太原,计算机科学与技术学院(大数据学院),085404,计算机技术,304,263,25,811数据结构,官网,https://grs.nuc.edu.cn/info/1015/9105.htm,,华北,计算机技术,41,一般
广东工业大学,双非,广东,广州,机电工程学院,085407,仪器仪表工程,304,,,,媒体整理,https://www.qinggk.com/job/kaoyan/school/137,,华南,仪器仪表工程,,一般
杭州电子科技大学,双非,浙江,杭州,通信工程学院,085402,通信工程(含宽带网络、移动通信等),304,315,,,官网,https://grs.hdu.edu.cn/2026/0324/c13498a290580/page.htm,自划线,华东,通信工程,-11,一般
华中师范大学,211,湖北,武汉,教育大数据应用技术国家工程研究中心,085405,软件工程,303,,51,408 计算机学科专业基础,媒体整理,https://kaoyan.xdf.cn/202610/15419732.html,复试62+1专项，拟录51+1专项；第三方汇总,华中,软件工程,,一般
合肥工业大学,211,安徽,合肥,卓越工程师学院,085406,控制工程,303,,,,官网,https://yjszs.hfut.edu.cn/2026/0320/c13524a317912/page.htm,,华东,控制工程,,一般
贵州大学,211,贵州,贵阳,计算机科学与技术学院,085410,人工智能,303,,,408计算机学科专业基础,媒体整理,https://noobdream.com/schoolinfo/3,2026年院线,西南,人工智能,,一般
中国海洋大学,985,山东,青岛,信息科学与工程学部,085404,计算机技术,303,,,,官网,https://yz.ouc.edu.cn/2026/0320/c31626a522722/page.htm,01方向,华东,计算机技术,,一般
中国海洋大学,985,山东,青岛,信息科学与工程学部,085404,计算机技术（中新双硕士）,303,,,,官网,https://yz.ouc.edu.cn/2026/0320/c31626a522722/page.htm,中新双硕士项目,华东,计算机技术,,一般
上海理工大学,双非,上海,上海,光电信息与计算机工程学院,085400,电子信息(光学工程方向),303,,,865工程光学,媒体整理,https://wap.kaoyan365.cn/fenshuxian/393214.html,085400全校计划172人,华东,电子信息(大类),,一般
中北大学,双非,山西,太原,电气与控制工程学院,085406,控制工程,303,273,,,官网,https://grs.nuc.edu.cn/info/1015/9105.htm,2025届为国家线,华北,控制工程,30,一般
浙江工业大学,双非,浙江,杭州,信息工程学院,085402,通信工程(含宽带网络、移动通信等),303,,,,院系官网,https://ie.zjut.edu.cn/2026/0328/c9649a336041/page.htm,自划线，单科同国家线,华东,通信工程,,一般
深圳大学,双非,广东,深圳,微众银行金融科技学院,085410,人工智能(金融),303,,,,官网,https://yz.szu.edu.cn/info/1041/14396.htm,,华南,人工智能,,一般
武汉科技大学,双非,湖北,武汉,人工智能与自动化学院,085400,电子信息(人工智能与控制工程),302,,,,官网复试方案,https://aia.wust.edu.cn/__local/6/D2/E5/A626B8427619B2CB0092F171712_324CE253_1F198.pdf,非全日制,华中,电子信息(大类),,一般
重庆理工大学,双非,重庆,重庆,—,085410,人工智能,302,,,,官网,https://ima.qq.com/wiki/?shareId=a8f54ff25963d562f0b1c66dca221806cb4648cc8456ef3df727974d5603e432,校线302；教学学院归属未确认,西南,人工智能,,一般
中国石油大学(华东),211,山东,青岛,计算机科学与技术学院、青岛软件学院,085405,软件工程,301,,61,408 计算机学科专业基础,媒体整理,https://noobdream.com/schoolinfo/143,学院内称“电子信息-软件方向”；统考拟招61+3专项调剂,华东,软件工程,,一般
合肥工业大学,211,安徽,合肥,物理学院,085401,新一代电子信息技术（含量子技术等）,301,,,,官网,https://yjszs.hfut.edu.cn/2026/0320/c13524a317912/page.htm,,华东,新一代电子信息技术,,一般
广东工业大学,双非,广东,广州,自动化学院,085410,人工智能,301,,,,媒体整理,https://www.qinggk.com/job/kaoyan/school/137,,华南,人工智能,,一般
浙江理工大学,双非,浙江,杭州,信息科学与工程学院(网络空间安全学院),085401,新一代电子信息技术(含量子技术等),301,,,,官网,https://gradschool.zstu.edu.cn/info/1135/8507.htm,,华东,新一代电子信息技术,,一般
中国地质大学(北京),211,北京,北京,人工智能学院,085404,计算机技术,300,300,27,408 计算机学科专业基础,媒体整理,https://www.noobdream.com/schoolinfo/75,2026年进复试43人，统考录取27人；2025年为原信息工程学院300分,华北,计算机技术,0,一般
中国地质大学(武汉),211,湖北,武汉,计算机学院,085400,电子信息(05 卓越工程师联培专项),300,260,25,,院系官网,https://cs.cug.edu.cn/info/1021/11021.htm,卓工专项单独划线,华中,电子信息(大类),40,一般
北京化工大学,211,北京,北京,信息科学与技术学院,085406,控制工程,300,325,34,,官网复试方案,https://static.kaoyan.cn/locoy/411/10815xtjvsqe5enr.pdf,统考拟招34人,华北,控制工程,-25,一般
安徽大学,211,安徽,合肥,人工智能学院,085410,人工智能,300,280,,,官网,https://graschool.ahu.edu.cn/2026/0327/c9537a388290/page.htm,,华东,人工智能,20,一般
贵州大学,211,贵州,贵阳,大数据与信息工程学院,085400,电子信息（大数据技术与工程）,300,,,408计算机学科专业基础,官网复试方案,https://eie.gzu.edu.cn/2026/0320/c19137a266325/page.htm,2026年学院复试专业分数线；单科执行B类国家线,西南,电子信息(大类),,一般
长安大学,211,陕西,西安,电子与控制工程学院,085403,集成电路工程,300,,,,官网,https://webplus.chd.edu.cn/_s79/2026/0325/c2769a259633/page.psp,学校进入复试初试成绩基本要求,西北,集成电路工程,,一般
兰州大学,985,甘肃,兰州,物理科学与技术学院,085403,集成电路工程,300,,54,,官网,https://yz.lzu.edu.cn/shuoshishengzhaosheng/shuoshikaoshi/2026/0316/328970.html,校线（学院未调整）；2026录取最低301分、录取54人,西北,集成电路工程,,一般
华中科技大学,985,湖北,武汉,集成电路学院,085401,新一代电子信息技术,300,,,,媒体整理,http://www.hustky.net/article/1263.html,校线,华中,新一代电子信息技术,,一般
厦门大学,985,福建,厦门,信息学院（计算机科学与技术系）,085404,计算机技术,300,,,,官网,https://zs.xmu.edu.cn/info/1174/35512.htm,校线（工学专业学位各学科专业300）,华东,计算机技术,,一般
厦门大学,985,福建,厦门,国家集成电路产教融合创新平台,085408,光电信息工程,300,,,,院系官网,https://ese.xmu.edu.cn/info/1018/33591.htm,学院专业学位分数线300（同校线）,华东,光电信息工程,,一般
厦门大学,985,福建,厦门,电子科学与技术学院（微电子与集成电路系）,085403,集成电路工程,300,,,,院系官网,https://ese.xmu.edu.cn/info/1018/33591.htm,学院专业学位分数线300（同校线）,华东,集成电路工程,,一般
厦门大学,985,福建,厦门,电子科学与技术学院（电子工程系）,085401,新一代电子信息技术（含量子技术等）,300,,,,院系官网,https://ese.xmu.edu.cn/info/1018/33591.htm,学院专业学位分数线300（同校线）,华东,新一代电子信息技术,,一般
复旦大学,985,上海,上海,信息科学与工程学院,085400,电子与通信工程,300,,,,官网,https://gsao.fudan.edu.cn/c8/9f/c15014a772255/page.htm,校线,华东,电子信息(大类),,一般
复旦大学,985,上海,上海,信息科学与工程学院,085400,光电信息工程,300,,,,官网,https://gsao.fudan.edu.cn/c8/9f/c15014a772255/page.htm,校线,华东,电子信息(大类),,一般
复旦大学,985,上海,上海,微电子学院,085400,集成电路工程,300,,,,官网,https://gsao.fudan.edu.cn/c8/9f/c15014a772255/page.htm,校线,华东,电子信息(大类),,一般
复旦大学,985,上海,上海,计算与智能创新学院,085400,智能计算系统与认知智能,300,,,408计算机学科专业基础,官网,https://gsao.fudan.edu.cn/c8/9f/c15014a772255/page.htm,校线,华东,电子信息(大类),,一般
大连理工大学,985,辽宁,大连,计算机科学与技术学院,085404,计算机技术（全日制）,300,,30,,院系官网,https://cs.dlut.edu.cn/info/1256/6000.htm,含非全日制2人,东北,计算机技术,,一般
大连理工大学,985,辽宁,大连,计算机科学与技术学院,085410,人工智能（01智能科学与技术）,300,,4,,院系官网,https://cs.dlut.edu.cn/info/1256/6000.htm,01、03方向一起划线,东北,人工智能,,一般
大连理工大学,985,辽宁,大连,计算机科学与技术学院,085410,人工智能（02未来技术）,300,,14,,院系官网,https://cs.dlut.edu.cn/info/1256/6000.htm,02方向单独划线,东北,人工智能,,一般
大连理工大学,985,辽宁,大连,计算机科学与技术学院,085410,人工智能（03智能工程）,300,,1,,院系官网,https://cs.dlut.edu.cn/info/1256/6000.htm,非全日制,东北,人工智能,,一般
电子科技大学,985,四川,成都,信息与软件工程学院,085400,不区分招生方向(非全),300,,,,官网,https://yz.uestc.edu.cn/info/1082/5854.htm,非全日制,西南,电子信息(大类),,一般
电子科技大学,985,四川,成都,信息与通信工程学院,085401,不区分招生方向(非全),300,,,,官网,https://yz.uestc.edu.cn/info/1082/5854.htm,非全日制,西南,新一代电子信息技术,,一般
电子科技大学,985,四川,成都,信息与通信工程学院,085402,不区分招生方向(非全),300,,,,官网,https://yz.uestc.edu.cn/info/1082/5854.htm,非全日制,西南,通信工程,,一般
电子科技大学,985,四川,成都,光电科学与工程学院,085400,光电信息及传感技术,300,,,,官网,https://yz.uestc.edu.cn/info/1082/5854.htm,,西南,电子信息(大类),,一般
电子科技大学,985,四川,成都,基础与前沿研究院,085400,电子信息材料与元器件,300,,,,官网,https://yz.uestc.edu.cn/info/1082/5854.htm,,西南,电子信息(大类),,一般
电子科技大学,985,四川,成都,基础与前沿研究院,085400,光电材料与集成器件,300,,,,官网,https://yz.uestc.edu.cn/info/1082/5854.htm,,西南,电子信息(大类),,一般
电子科技大学,985,四川,成都,基础与前沿研究院,085400,计算机技术,300,,,,官网,https://yz.uestc.edu.cn/info/1082/5854.htm,,西南,电子信息(大类),,一般
电子科技大学,985,四川,成都,基础与前沿研究院,085400,生物医学工程,300,,,,官网,https://yz.uestc.edu.cn/info/1082/5854.htm,,西南,电子信息(大类),,一般
电子科技大学,985,四川,成都,数学科学学院,085405,不区分招生方向(非全),300,,,,官网,https://yz.uestc.edu.cn/info/1082/5854.htm,非全日制,西南,软件工程,,一般
电子科技大学,985,四川,成都,智能计算研究院,085400,不区分招生方向(非全),300,,,,官网,https://yz.uestc.edu.cn/info/1082/5854.htm,非全日制,西南,电子信息(大类),,一般
电子科技大学,985,四川,成都,智能计算研究院,085404,不区分招生方向,300,,,,官网,https://yz.uestc.edu.cn/info/1082/5854.htm,,西南,计算机技术,,一般
电子科技大学,985,四川,成都,机械与电气工程学院,085400,不区分招生方向,300,,,,官网,https://yz.uestc.edu.cn/info/1082/5854.htm,,西南,电子信息(大类),,一般
电子科技大学,985,四川,成都,机械与电气工程学院,085400,不区分招生方向(非全),300,,,,官网,https://yz.uestc.edu.cn/info/1082/5854.htm,非全日制,西南,电子信息(大类),,一般
电子科技大学,985,四川,成都,生命科学与技术学院,085400,不区分研究方向,300,,,,官网,https://yz.uestc.edu.cn/info/1082/5854.htm,,西南,电子信息(大类),,一般
电子科技大学,985,四川,成都,电子科学与工程学院,085401,方向1(非全),300,290,,,官网,https://yz.uestc.edu.cn/info/1082/5854.htm,非全日制,西南,新一代电子信息技术,10,一般
电子科技大学,985,四川,成都,电子科学与工程学院,085401,方向2(非全),300,290,,,官网,https://yz.uestc.edu.cn/info/1082/5854.htm,非全日制,西南,新一代电子信息技术,10,一般
电子科技大学,985,四川,成都,电子科学技术研究院,085400,不区分研究方向,300,285,,,官网,https://yz.uestc.edu.cn/info/1082/5854.htm,,西南,电子信息(大类),15,一般
电子科技大学,985,四川,深圳,电子科技大学（深圳）高等研究院,085400,信息与通信工程（非全）,300,,,,官网,https://yz.uestc.edu.cn/info/1082/5854.htm,非全日制；深圳高等研究院（异地研究院）,西南,电子信息(大类),,一般
电子科技大学,985,四川,深圳,电子科技大学（深圳）高等研究院,085400,电磁场与微波技术(非全),300,,,,官网,https://yz.uestc.edu.cn/info/1082/5854.htm,非全日制；深圳高等研究院（异地研究院）,西南,电子信息(大类),,一般
电子科技大学,985,四川,深圳,电子科技大学（深圳）高等研究院,085400,电子信息材料与元器件(非全),300,,,,官网,https://yz.uestc.edu.cn/info/1082/5854.htm,非全日制；深圳高等研究院（异地研究院）,西南,电子信息(大类),,一般
电子科技大学,985,四川,深圳,电子科技大学（深圳）高等研究院,085400,集成电路工程(非全),300,,,,官网,https://yz.uestc.edu.cn/info/1082/5854.htm,非全日制；深圳高等研究院（异地研究院）,西南,电子信息(大类),,一般
电子科技大学,985,四川,深圳,电子科技大学（深圳）高等研究院,085400,计算机技术(非全),300,,,,官网,https://yz.uestc.edu.cn/info/1082/5854.htm,非全日制；深圳高等研究院（异地研究院）,西南,电子信息(大类),,一般
电子科技大学,985,四川,深圳,电子科技大学（深圳）高等研究院,085400,软件工程(非全),300,,,,官网,https://yz.uestc.edu.cn/info/1082/5854.htm,非全日制；深圳高等研究院（异地研究院）,西南,电子信息(大类),,一般
电子科技大学,985,四川,深圳,电子科技大学（深圳）高等研究院,085400,控制科学与工程(非全),300,,,,官网,https://yz.uestc.edu.cn/info/1082/5854.htm,非全日制；深圳高等研究院（异地研究院）,西南,电子信息(大类),,一般
电子科技大学,985,四川,深圳,电子科技大学（深圳）高等研究院,085400,仪器仪表工程(非全),300,,,,官网,https://yz.uestc.edu.cn/info/1082/5854.htm,非全日制；深圳高等研究院（异地研究院）,西南,电子信息(大类),,一般
电子科技大学,985,四川,深圳,电子科技大学（深圳）高等研究院,085401,电磁场与微波技术,300,,,,官网,https://yz.uestc.edu.cn/info/1082/5854.htm,深圳高等研究院（异地研究院）,西南,新一代电子信息技术,,一般
电子科技大学,985,四川,深圳,电子科技大学（深圳）高等研究院,085403,不区分招生方向,300,,,,官网,https://yz.uestc.edu.cn/info/1082/5854.htm,深圳高等研究院（异地研究院）,西南,集成电路工程,,一般
电子科技大学,985,四川,成都,自动化工程学院,085400,不区分招生方向(非全),300,,,,官网,https://yz.uestc.edu.cn/info/1082/5854.htm,非全日制,西南,电子信息(大类),,一般
电子科技大学,985,四川,成都,航空航天学院,085410,不区分招生方向(非全),300,330,,,官网,https://yz.uestc.edu.cn/info/1082/5854.htm,非全日制,西南,人工智能,-30,一般
电子科技大学,985,四川,成都,计算机科学与工程学院,085400,不区分招生方向(非全),300,,,,官网,https://yz.uestc.edu.cn/info/1082/5854.htm,非全日制,西南,电子信息(大类),,一般
电子科技大学,985,四川,成都,集成电路科学与工程学院,085400,微电子器件与集成电路(非全),300,,,,官网,https://yz.uestc.edu.cn/info/1082/5854.htm,非全日制,西南,电子信息(大类),,一般
电子科技大学,985,四川,成都,集成电路科学与工程学院,085400,纳电子科学与集成电路制造工程(非全),300,,,,官网,https://yz.uestc.edu.cn/info/1082/5854.htm,非全日制,西南,电子信息(大类),,一般
南方科技大学,双非,广东,深圳,深港微电子学院,085403,集成电路工程,300,,,,院系官网,https://sme.sustech.edu.cn/index/news/neiye/id/883.html,双一流,华南,集成电路工程,,一般
南方科技大学,双非,广东,深圳,电子与电气工程系,085400,电子信息,300,,,,院系官网,https://eee.sustech.edu.cn/news/detail/2873.html?cid=19&lang=zh-cn,双一流,华南,电子信息(大类),,一般
山东科技大学,双非,山东,青岛,计算机科学与工程学院,085404,计算机技术-01计算机技术,300,,,408计算机学科专业基础,官网,https://yjsy.sdust.edu.cn/zhaosheng/info/1067/1878.htm,,华东,计算机技术,,一般
西安理工大学,双非,陕西,西安,计算机科学与工程学院,085404,计算机技术,300,,,,官网,https://yjsy.xaut.edu.cn/info/1064/4959.htm,,西北,计算机技术,,一般
重庆邮电大学,双非,重庆,重庆,自动化学院,085407,仪器仪表工程,300,270,,,媒体整理,https://www.chinakaoyan.com/graduate/info/nid/668021/schoolID/751.shtml,,西南,仪器仪表工程,30,一般
长沙理工大学,双非,湖南,长沙,物理与电子科学学院,085400,通信工程,300,,,832信号与系统(B),媒体整理,https://jixun.iqihang.com/zixun/changshi/2026749100.html,分方向划线,华中,电子信息(大类),,一般
合肥工业大学,211,安徽,合肥,仪器科学与光电工程学院,085407,仪器仪表工程,299,,,,官网,https://yjszs.hfut.edu.cn/2026/0320/c13524a317912/page.htm,,华东,仪器仪表工程,,较易
合肥工业大学,211,安徽,合肥,卓越工程师学院,085404,计算机技术,299,,,,官网,https://yjszs.hfut.edu.cn/2026/0320/c13524a317912/page.htm,,华东,计算机技术,,较易
湖南师范大学,211,湖南,长沙,物理与电子科学学院,085403,集成电路工程,299,,18,,官网复试方案,https://www.kaoyan.cn/news/269608,学院2026年复试分数线299分,华中,集成电路工程,,较易
西北大学,211,陕西,西安,计算机学院,085405,软件工程,299,,,,官网,https://yjs.nwu.edu.cn/__local/7/FB/6E/1326E33514A46A404A6EFF89CED_735E8157_1663B.pdf,校线：042计算机学院085405总分299,西北,软件工程,,较易
南京邮电大学,双非,江苏,南京,物联网学院,085400,电子信息,299,,,,媒体整理,https://m-jixun.iqihang.com/zixun/fenshuxian/2026748179.html,,华东,电子信息(大类),,较易
北京邮电大学,211,北京,北京,计算机学院（国家示范性软件学院）,085405,软件工程,298,,,,官网复试方案,https://scs.bupt.edu.cn/info/1020/4332.htm,,华北,软件工程,,较易
宁夏大学,211,宁夏,银川,电子与电气工程学院,085401,新一代电子信息技术（含量子技术等）,298,,17,820电路、信号与系统,官网,https://www.okaoyan.com/ningxiadaxue/kaoyanfenshuxian_977991.html,校自划线298（工学B区国家线254）；plan26为专业目录不含推免数,西北,新一代电子信息技术,,较易
中国海洋大学,985,山东,青岛,信息科学与工程学部,085404,计算机技术（中法双硕士）,298,,,,官网,https://yz.ouc.edu.cn/2026/0320/c31626a522722/page.htm,中法双硕士项目,华东,计算机技术,,较易
南京信息工程大学,双非,江苏,南京,物理与光电工程学院,085408,光电信息工程,298,,,,媒体整理,https://ima.qq.com/wiki/?shareId=a8f54ff25963d562f0b1c66dca221806cb4648cc8456ef3df727974d5603e432,,华东,光电信息工程,,较易
深圳大学,双非,广东,深圳,应用技术学院,085404,计算机技术,298,,,,官网,https://yz.szu.edu.cn/info/1041/14396.htm,,华南,计算机技术,,较易
中国石油大学(华东),211,山东,青岛,计算机科学与技术学院、青岛软件学院,085410,人工智能,297,,11,408 计算机学科专业基础,媒体整理,https://noobdream.com/schoolinfo/143,统考拟招11人,华东,人工智能,,较易
贵州大学,211,贵州,贵阳,大数据与信息工程学院,085400,电子信息（集成电路工程）,297,,,,官网复试方案,https://eie.gzu.edu.cn/2026/0320/c19137a266325/page.htm,2026年学院复试专业分数线；单科执行B类国家线,西南,电子信息(大类),,较易
南京林业大学,双一流,江苏,南京,信息科学技术学院、人工智能学院,085400,电子信息(03 计算机方向),297,,36,408 计算机学科专业基础,媒体整理,https://noobdream.com/schoolinfo/295,复试63人，录取36人；非全日制同线297分,华东,电子信息(大类),,较易
安徽大学,211,安徽,合肥,人工智能学院,085406,控制工程,296,260,,,官网,https://graschool.ahu.edu.cn/2026/0327/c9537a388290/page.htm,,华东,控制工程,36,较易
辽宁大学,211,辽宁,沈阳,信息学部,085405,软件工程,296,,22,408计算机学科专业基础,院系官网,https://sist.lnu.edu.cn/info/12675/2144.htm,计划招生25，已接收推免3，统考约22；复试差额122%,东北,软件工程,,较易
哈尔滨工程大学,211,黑龙江,哈尔滨,计算机科学与技术学院,085400,基础计划（全日制）,295,,31,,院系官网,https://yz.chsi.com.cn/zsgs/fslq/detail.action?zsgsId=3541441139&schCode=10217,,东北,电子信息(大类),,较易
哈尔滨工程大学,211,黑龙江,哈尔滨,计算机科学与技术学院,085400,基础计划（非全日制）,295,,2,,院系官网,,,东北,电子信息(大类),,较易
太原理工大学,211,山西,太原,人工智能学院,085410,人工智能,295,,,,官网,https://www.gs.tyut.edu.cn/info/1261/15529.htm,,华北,人工智能,,较易
西安电子科技大学,211,陕西,西安,卓越工程师学院（粤港澳大湾区基地/广州研究院）,085408,光电信息工程（全日制）,295,,11,,官网复试方案,https://gzyjy.xidian.edu.cn/info/1009/37172.htm,,西北,光电信息工程,,较易
南京邮电大学,双非,江苏,南京,材料科学与工程学院,085400,电子信息,295,,,,媒体整理,https://m-jixun.iqihang.com/zixun/fenshuxian/2026748179.html,,华东,电子信息(大类),,较易
河南大学,双非,河南,开封,软件学院,085405,软件工程,295,,38,408计算机学科专业基础,媒体整理,https://noobdream.com//schoolinfo/216,,华中,软件工程,,较易
深圳大学,双非,广东,深圳,电子与信息工程学院,085401,新一代电子信息技术(含量子技术等),295,,99,802电子信息与通信系统综合,官网,https://yz.szu.edu.cn/info/1041/14396.htm,统考指标不含推免；含华南医院联培30个,华南,新一代电子信息技术,,较易
西安理工大学,双非,陕西,西安,自动化与信息工程学院,085402,通信工程(含宽带网络、移动通信等),295,,,,官网,https://yjsy.xaut.edu.cn/info/1064/4959.htm,,西北,通信工程,,较易
东北师范大学,211,吉林,长春,信息科学与技术学院,085404,计算机技术（03智能系统设计与应用）,294,281,4,877算法与程序设计,官网复试方案,https://static.kaoyan.cn/file/2026/06/08/422a47430534c1e93ab06a6e146b8adf.pdf,上线生不足120%，按实际上线人数复试；复试线294,东北,计算机技术,13,较易
内蒙古大学,211,内蒙古,呼和浩特,计算机学院,085412,网络与信息安全,294,,,408计算机学科专业基础,官网,https://gs.imu.edu.cn/info/1020/2262.htm,校自划线294,华北,网络与信息安全,,较易
华中农业大学,211,湖北,武汉,信息学院,085411,大数据技术与工程,294,,1,408 计算机学科专业基础,院系官网,https://coi.hzau.edu.cn/info/1611/61251.htm,统考招生计划1人,华中,大数据技术与工程,,较易
大连海事大学,211,辽宁,大连,信息科学技术学院,085402,通信工程（含宽带网络、移动通信等）,294,,45,807电路理论与信号与系统,官网复试方案,https://yz.chsi.com.cn/zsgs/fslq/detail.action?schCode=10151&zsgsId=3543845953,校总分线294,东北,通信工程,,较易
青海大学,211,青海,西宁,计算机技术与应用学院,085404,计算机技术（计算机方向）,294,,43,408计算机学科专业基础,媒体整理,https://noobdream.com/schoolinfo/273,媒体整理复试线294；另有来源记为国家线B区254，存在冲突，以官方一志愿公示低分段为准待核,西北,计算机技术,,较易
杭州电子科技大学,双非,浙江,杭州,网络空间安全学院,085412,网络与信息安全,294,,,,官网,https://grs.hdu.edu.cn/2026/0324/c13498a290580/page.htm,自划线,华东,网络与信息安全,,较易
河南大学,双非,河南,开封,软件学院,085412,网络与信息安全,294,,,,媒体整理,https://noobdream.com//schoolinfo/216,,华中,网络与信息安全,,较易
中国海洋大学,985,山东,青岛,信息科学与工程学部,085408,光电信息工程,293,,,,官网,https://yz.ouc.edu.cn/2026/0320/c31626a522722/page.htm,,华东,光电信息工程,,较易
华东师范大学,985,上海,上海,卓越工程师学院,085402,通信工程（含宽带网络、移动通信等）,293,,10,,官网,https://static.kaoyan.cn/locoy/261/10069o5ziq5eitad.pdf,,华东,通信工程,,较易
重庆理工大学,双非,重庆,重庆,计算机科学与工程学院,085404,计算机技术,293,,120,809数据结构,院系官网,https://cs.cqut.edu.cn/info/1078/8873.htm,,西南,计算机技术,,较易
安徽大学,211,安徽,合肥,电气工程与自动化学院,085406,控制工程,292,271,,,官网,https://graschool.ahu.edu.cn/2026/0327/c9537a388290/page.htm,,华东,控制工程,21,较易
南京邮电大学,双非,江苏,南京,现代邮政学院/智慧交通学院,085400,电子信息,292,,,,媒体整理,https://m-jixun.iqihang.com/zixun/fenshuxian/2026748179.html,,华东,电子信息(大类),,较易
长沙理工大学,双非,湖南,长沙,人工智能学院,085406,控制工程,292,,,,媒体整理,https://jixun.iqihang.com/zixun/changshi/2026749100.html,,华中,控制工程,,较易
安徽大学,211,安徽,合肥,电子信息工程学院,085401,新一代电子信息技术(含量子技术等),291,285,,,官网,https://graschool.ahu.edu.cn/2026/0327/c9537a388290/page.htm,学院细则与校复试标准一致,华东,新一代电子信息技术,6,较易
湖南师范大学,211,湖南,长沙,物理与电子科学学院,085401,新一代电子信息技术(02方向 量子信息技术),291,,1,857 普通物理(电磁学、光学、原子物理),官网复试方案,https://www.kaoyan.cn/news/269608,02方向单独划线291分,华中,新一代电子信息技术,,较易
内蒙古大学,211,内蒙古,呼和浩特,计算机学院,085405,软件工程,290,269,,408计算机学科专业基础,官网,https://gs.imu.edu.cn/info/1020/2262.htm,校自划线290；score25为媒体整理,华北,软件工程,21,较易
哈尔滨工程大学,211,黑龙江,哈尔滨,智能科学与工程学院,085400,基础计划（全日制）,290,,145,,院系官网,,复试269人，差额186%,东北,电子信息(大类),,较易
哈尔滨工程大学,211,黑龙江,哈尔滨,智能科学与工程学院,085400,基础计划（非全日制）,290,,2,,院系官网,,,东北,电子信息(大类),,较易
宁夏大学,211,宁夏,银川,信息工程学院,085404,计算机技术,290,279,,408计算机学科专业基础,官网,https://www.okaoyan.com/ningxiadaxue/kaoyanfenshuxian_977991.html,校自划线290；score25为媒体整理,西北,计算机技术,11,较易
西安电子科技大学,211,陕西,西安,卓越工程师学院（粤港澳大湾区基地/广州研究院）,085401,岭南创新人才实验班专项,290,,18,,官网复试方案,https://gzyjy.xidian.edu.cn/info/1009/37172.htm,,西北,新一代电子信息技术,,较易
南开大学,985,天津,天津,密码与网络空间安全学院,085400,网络与信息安全,290,,5,408计算机学科专业基础,院系官网,https://cyber.nankai.edu.cn/2026/0407/c13348a592370/page.htm,校线（工学专业学位290）,华北,电子信息(大类),,较易
南开大学,985,天津,天津,计算机学院,085400,计算机技术,290,,5,408计算机学科专业基础,官网,https://yzb.nankai.edu.cn/2026/0313/c5508a590788/page.htm,校线（工学专业学位290）,华北,电子信息(大类),,较易
南开大学,985,天津,天津,软件学院,085400,软件工程,290,,,408计算机学科专业基础,官网,https://yzb.nankai.edu.cn/2026/0313/c5508a590788/page.htm,校线（工学专业学位290）,华北,电子信息(大类),,较易
杭州电子科技大学,双非,浙江,杭州,计算机学院,085405,软件工程,290,295,,,官网,https://grs.hdu.edu.cn/2026/0324/c13498a290580/page.htm,自划线,华东,软件工程,-5,较易
安徽大学,211,安徽,合肥,互联网学院,085410,人工智能,289,,,,官网,https://graschool.ahu.edu.cn/2026/0327/c9537a388290/page.htm,2025年该院按方向划线260/274，方向口径已变,华东,人工智能,,较易
安徽大学,211,安徽,合肥,物理与光电工程学院,085408,光电信息工程,289,260,,,官网,https://graschool.ahu.edu.cn/2026/0327/c9537a388290/page.htm,,华东,光电信息工程,29,较易
新疆大学,211,新疆,乌鲁木齐,软件学院,085405,软件工程,289,,,,媒体整理,https://noobdream.com/schoolinfo/9,软件学院电子信息-软件工程方向自划线289，高于国家线B区,西北,软件工程,,较易
长沙理工大学,双非,湖南,长沙,计算机学院,085404,计算机技术,289,,,,媒体整理,https://jixun.iqihang.com/zixun/changshi/2026749100.html,,华中,计算机技术,,较易
东北师范大学,211,吉林,长春,信息科学与技术学院,085404,计算机技术（01计算机软件开发技术）,288,293,35,877算法与程序设计,官网复试方案,https://static.kaoyan.cn/file/2026/06/08/422a47430534c1e93ab06a6e146b8adf.pdf,学院复试细则：招生35，复试比例120%，复试线288,东北,计算机技术,-5,较易
云南大学,211,云南,昆明,信息学院,085402,通信工程（含宽带网络、移动通信等）,288,250,25,847专业基础综合,官网,http://www.grs.ynu.edu.cn/,2026年一志愿进入复试初试成绩要求；单科32/48,西南,通信工程,38,较易
西北农林科技大学,985,陕西,咸阳市（杨凌）,信息工程学院,085404,计算机技术,288,260,36,408 计算机学科专业基础,媒体整理,https://noobdream.com/schoolinfo/244,2026年起改考408,西北,计算机技术,28,较易
海南大学,211,海南,海口,网络空间安全学院（密码学院）,085412,网络与信息安全,287,,,408计算机学科专业基础,媒体整理,https://www.noobdream.com/schoolinfo/272,2026年院线,华南,网络与信息安全,,较易
山东科技大学,双非,山东,青岛,电气与自动化工程学院,085406,控制工程,287,,,,官网,https://yjsy.sdust.edu.cn/zhaosheng/info/1067/1878.htm,,华东,控制工程,,较易
河南科技大学,双非,河南,洛阳,信息工程学院(人工智能学院),085404,计算机技术,287,,42,,媒体整理,http://syl985.com/moble/specialization_school?zhuanyeid=085404%E8%AE%A1%E7%AE%97%E6%9C%BA%E6%8A%80%E6%9C%AF,另有媒体来源记285分，取一志愿复试最低分287,华中,计算机技术,,较易
深圳大学,双非,广东,深圳,电子与信息工程学院,085403,集成电路工程,287,,46,,官网,https://yz.szu.edu.cn/info/1041/14396.htm,,华南,集成电路工程,,较易
中国石油大学(华东),211,山东,青岛,计算机科学与技术学院、青岛软件学院,085411,大数据技术与工程,286,,7,408 计算机学科专业基础,媒体整理,https://noobdream.com/schoolinfo/143,统考拟招7人，另有7名调剂,华东,大数据技术与工程,,较易
华中师范大学,211,湖北,武汉,教育大数据应用技术国家工程研究中心,085410,人工智能,286,,26,408 计算机学科专业基础,媒体整理,https://kaoyan.xdf.cn/202610/15419732.html,复试32+1专项，拟录26人；第三方汇总,华中,人工智能,,较易
安徽大学,211,安徽,合肥,集成电路学院,085403,集成电路工程,286,260,,,官网,https://graschool.ahu.edu.cn/2026/0327/c9537a388290/page.htm,,华东,集成电路工程,26,较易
成都理工大学,双非,四川,成都,计算机与网络安全学院(示范性软件学院),085412,网络与信息安全,286,,,408计算机学科专业基础,官网,https://gra.cdut.edu.cn/info/1074/5773.htm,,西南,网络与信息安全,,较易
深圳大学,双非,广东,深圳,大湾区国际创新学院,085410,人工智能(管理),286,,,,官网,https://yz.szu.edu.cn/info/1041/14396.htm,,华南,人工智能,,较易
北京交通大学,211,北京,北京,自动化与智能学院,085410,人工智能,285,,,,官网,https://gs.bjtu.edu.cn/tzgg/qb/537f8eb85d004e9d81bb09eaf3f9e03f.htm,,华北,人工智能,,较易
华中师范大学,211,湖北,武汉,伍伦贡联合研究院,085404,计算机技术,285,260,54,,院系官网,https://uowji.ccnu.edu.cn/info/1023/14241.htm,中外合作办学，外语单科线60分,华中,计算机技术,25,较易
南京理工大学,211,江苏,南京,电子工程与光电技术学院,085401,新一代电子信息技术（含量子技术等）,285,,,,官网,https://m.gaodun.com/kaoyan/1777786.html,学校复试基本分数线表（含全日制+非全日制）,华东,新一代电子信息技术,,较易
贵州大学,211,贵州,贵阳,计算机科学与技术学院,085404,计算机技术,285,,,408计算机学科专业基础,媒体整理,https://noobdream.com/schoolinfo/3,2026年院线,西南,计算机技术,,较易
华东师范大学,985,上海,上海,卓越工程师学院,085400,不区分方向,285,,9,,官网,https://static.kaoyan.cn/locoy/261/10069o5ziq5eitad.pdf,,华东,电子信息(大类),,较易
西安理工大学,双非,陕西,西安,自动化与信息工程学院,085403,集成电路工程,285,,,,官网,https://yjsy.xaut.edu.cn/info/1064/4959.htm,,西北,集成电路工程,,较易
内蒙古大学,211,内蒙古,呼和浩特,计算机学院,085411,大数据技术与工程,284,,,408计算机学科专业基础,官网,https://gs.imu.edu.cn/info/1020/2262.htm,校自划线284,华北,大数据技术与工程,,较易
青海大学,211,青海,西宁,计算机技术与应用学院,085404,计算机技术（人工智能方向）,284,,,408计算机学科专业基础,媒体整理,https://noobdream.com/schoolinfo/273,媒体整理复试线284；方向划分与专业代码对应关系以学校专业目录为准,西北,计算机技术,,较易
郑州大学,211,河南,郑州,网络空间安全学院,085404,计算机技术,282,336,,408计算机学科专业基础,官网,https://yz.zzu.edu.cn/info/1070/2376.htm,2026年一志愿复试线；单科35/35/53/53,华中,计算机技术,-54,较易
南京航空航天大学,211,江苏,南京,航天学院,085400,飞行器导航制导与控制,281,,32,,官网,https://www.graduate.nuaa.edu.cn/2026/0616/c13499a401776/page.htm,,华东,电子信息(大类),,较易
西南大学,211,重庆,重庆,计算机与信息科学学院·软件学院,085400,电子信息（计算机技术方向，27考研改码085404）,281,,120,计算机基础与数字电路,院系官网,https://cis.swu.edu.cn/info/1145/5766.htm,拟招121，已接收推免1，统考约120；数学二不低于65分,西南,电子信息(大类),,较易
中国矿业大学,211,江苏,徐州,信息与控制工程学院,085401,新一代电子信息技术（含量子技术等）,280,,17,824专业基础综合（信号与系统、通信原理）,媒体整理,https://kaoyan.koolearn.com/20260527/1947747.html,校线（未查到分学院分专业线）；单科35/53,华东,新一代电子信息技术,,较易
中国矿业大学,211,江苏,徐州,计算机科学与技术学院,085404,计算机技术,280,,,,媒体整理,https://kaoyan.koolearn.com/20260527/1947747.html,校线（未查到分学院分专业线）；单科35/53,华东,计算机技术,,较易
北京交通大学,211,北京,北京,电子信息工程学院,085401,新一代电子信息技术（含量子技术等）,280,,,,官网,https://gs.bjtu.edu.cn/tzgg/qb/537f8eb85d004e9d81bb09eaf3f9e03f.htm,,华北,新一代电子信息技术,,较易
华南师范大学,211,广东,广州,电子科学与工程学院（微电子学院）,085402,通信工程（含宽带网络、移动通信等）,280,,38,857电子技术基础（含数字与模拟电路）,官网复试方案,http://gxb.scnu.edu.cn/a/20260320/1780.html,2026年学院初试合格最低分数线；拟招生38人,华南,通信工程,,较易
贵州大学,211,贵州,贵阳,大数据与信息工程学院,085400,电子信息（通信工程）,280,,,,官网复试方案,https://eie.gzu.edu.cn/2026/0320/c19137a266325/page.htm,2026年学院复试专业分数线；单科执行B类国家线,西南,电子信息(大类),,较易
深圳大学,双非,广东,深圳,应用技术学院,085408,光电信息工程,280,,,,官网,https://yz.szu.edu.cn/info/1041/14396.htm,,华南,光电信息工程,,较易
华东师范大学,985,上海,上海,卓越工程师学院,085403,集成电路工程,279,,19,,官网,https://static.kaoyan.cn/locoy/261/10069o5ziq5eitad.pdf,,华东,集成电路工程,,较易
南京信息工程大学,双非,江苏,南京,人工智能学院(未来技术学院),085409,生物医学工程,279,,,,媒体整理,https://ima.qq.com/wiki/?shareId=a8f54ff25963d562f0b1c66dca221806cb4648cc8456ef3df727974d5603e432,,华东,生物医学工程,,较易
中国石油大学(华东),211,山东,青岛,海洋与空间信息学院,085410,人工智能,278,,14,,院系官网,https://ocean.upc.edu.cn/_upload/article/files/5c/fa/3054eca5402c81fa8d187922bd48/d7350596-86f0-4e94-9319-6fb9941fb9c8.pdf,另有科教融合创新实验班4人、退役专项2人,华东,人工智能,,较易
深圳大学,双非,广东,深圳,教育学部,085410,人工智能(教育),278,,,,官网,https://yz.szu.edu.cn/info/1041/14396.htm,,华南,人工智能,,较易
深圳大学,双非,广东,深圳,物理与光电工程学院,085407,仪器仪表工程,278,,,,官网,https://yz.szu.edu.cn/info/1041/14396.htm,,华南,仪器仪表工程,,较易
长沙理工大学,双非,湖南,长沙,物理与电子科学学院,085400,新一代电子信息技术、集成电路工程、光电信息工程、人工智能,278,,53,839电路基础,媒体整理,https://jixun.iqihang.com/zixun/changshi/2026749100.html,分方向划线,华中,电子信息(大类),,较易
内蒙古大学,211,内蒙古,呼和浩特,电子信息工程学院,085406,控制工程,277,,,,官网,https://gs.imu.edu.cn/info/1020/2262.htm,校自划线277,华北,控制工程,,较易
北京邮电大学,211,北京,北京,智能工程与自动化学院,085406,控制工程,277,,22,,官网复试方案,https://iea.bupt.edu.cn/info/1058/1650.htm,,华北,控制工程,,较易
贵州大学,211,贵州,贵阳,电气工程学院,085400,电子信息,277,,,,媒体整理,https://sa.kaoyan365.cn/yanzhaoxinxi/sakyfsx/68314.html,2026年复试线,西南,电子信息(大类),,较易
河南大学,双非,河南,开封,计算机与信息工程学院,085411,大数据技术与工程,277,,,,官网,https://grs.henu.edu.cn/046-2026nianshuoshiyanjiushengfushifenshuxian.pdf,,华中,大数据技术与工程,,较易
深圳大学,双非,广东,深圳,建筑与城市规划学院,085410,人工智能(城市),277,,,,官网,https://yz.szu.edu.cn/info/1041/14396.htm,,华南,人工智能,,较易
北京交通大学,211,北京,北京,自动化与智能学院,085401,新一代电子信息技术（含量子技术等）,276,,,,官网,https://gs.bjtu.edu.cn/tzgg/qb/537f8eb85d004e9d81bb09eaf3f9e03f.htm,,华北,新一代电子信息技术,,较易
合肥工业大学,211,安徽,合肥,数学学院,085412,网络与信息安全（非全日制）,276,,,,官网,https://yjszs.hfut.edu.cn/2026/0320/c13524a317912/page.htm,,华东,网络与信息安全,,较易
上海海洋大学,双一流,上海,上海,信息学院,085404,计算机技术,276,,,408 计算机学科专业基础,院系官网,https://xxxy.shou.edu.cn/2026/0321/c17052a351242/page.htm,学院2026年复试基本分数线276分,华东,计算机技术,,较易
扬州大学,双非,江苏,扬州,信息与人工智能学院(工业软件学院),085404,计算机技术,276,,20,,院系官网,https://xxgcxy.yzu.edu.cn/info/1074/9071.htm,另有非全日制5人同线276,华东,计算机技术,,较易
南京理工大学,211,江苏,南京,电子工程与光电技术学院,085409,生物医学工程,275,,,,官网,https://m.gaodun.com/kaoyan/1777786.html,,华东,生物医学工程,,较易
南京理工大学,211,江苏,南京,计算机科学与工程学院,085410,人工智能,275,,,,官网,https://m.gaodun.com/kaoyan/1777786.html,,华东,人工智能,,较易
太原理工大学,211,山西,太原,物理与光电工程学院,085407,仪器仪表工程,275,,,,官网,https://www.gs.tyut.edu.cn/info/1261/15529.htm,,华北,仪器仪表工程,,较易
武汉理工大学,211,湖北,武汉,海南专项,085404,计算机技术,275,,,408 计算机学科专业基础,媒体整理,http://hwkyc.cn/kyzx/11-602.html,,华中,计算机技术,,较易
西南交通大学,211,四川,成都,计算机与人工智能学院（联合培养专项）,085404,计算机技术（全日制）,275,,,,院系官网,https://scai.swjtu.edu.cn/web/download?m=downLoad&fid=7aed853e-1560-45d5-b420-efc2fe266452,,西南,计算机技术,,较易
西安电子科技大学,211,陕西,西安,人工智能学院,085404,计算机技术（全日制）,275,,,,媒体整理,https://www.yuloo.com/zzy/xidian/news/1994725.shtml,,西北,计算机技术,,较易
华北电力大学(北京),211,北京,北京,控制与计算机工程学院,085405,软件工程,274,,19,,官网复试方案,https://cce.ncepu.edu.cn//yjspy/zsxx1/067d122d9ba342eeb6ecc5e3a28ff1d1.htm,普通招考规模19（总20，推免1）,华北,软件工程,,较易
宁波大学,双一流,浙江,宁波,科教融合学院,085400,电子信息(计算机方向),274,,8,408 计算机学科专业基础,媒体整理,https://noobdream.com/schoolinfo/129,复试10+9调剂，录取8+2调剂；第三方汇总,华东,电子信息(大类),,较易
东北林业大学,211,黑龙江,哈尔滨,计算机与控制工程学院,085404,计算机技术(02 华大基因项目),273,,10,,官网,https://yz.nefu.edu.cn/info/1030/3796.htm,华大基因联合培养项目单独划线273分,东北,计算机技术,,较易
北京交通大学,211,北京,北京,网络空间安全学院,085412,网络与信息安全,273,,,,官网,https://gs.bjtu.edu.cn/tzgg/qb/537f8eb85d004e9d81bb09eaf3f9e03f.htm,,华北,网络与信息安全,,较易
北京交通大学,211,北京,北京,计算机科学与技术学院,085410,人工智能,273,,15,,官网,https://cs.bjtu.edu.cn/zsjy/yjszs3/yjszs_sszs/b18affb0f3024ed9b6c76869bca7cd8e.htm,含渤海计划5人,华北,人工智能,,较易
北京体育大学,211,北京,北京,体育工程学院,085410,人工智能(智能体育装备设计、智能运动感知技术),273,,5,408计算机学科专业基础,官网,https://static.kaoyan.cn/locoy/201/9598h0ueyrjr0it.pdf,单科35/53,华北,人工智能,,较易
南京理工大学,211,江苏,南京,微电子学院（集成电路学院）,085403,集成电路工程,273,,,,官网,https://m.gaodun.com/kaoyan/1777786.html,复试线273但录取最低368，参考性低,华东,集成电路工程,,较易
合肥工业大学,211,安徽,合肥,计算机与信息学院,085405,软件工程（非全日制）,272,,,,官网,https://yjszs.hfut.edu.cn/2026/0320/c13524a317912/page.htm,,华东,软件工程,,较易
杭州电子科技大学,双非,浙江,杭州,电子信息学院,085403,集成电路工程,272,260,,,官网,https://grs.hdu.edu.cn/2026/0324/c13498a290580/page.htm,自划线,华东,集成电路工程,12,较易
深圳大学,双非,广东,深圳,华大研究生联合培养中心,085410,人工智能,272,,,,官网,https://yz.szu.edu.cn/info/1041/14396.htm,联培专项,华南,人工智能,,较易
重庆邮电大学,双非,重庆,重庆,网络空间安全与信息法学院,085412,网络与信息安全,272,280,,,媒体整理,https://www.chinakaoyan.com/graduate/info/nid/668021/schoolID/751.shtml,,西南,网络与信息安全,-8,较易
南京农业大学,211,江苏,南京,智慧农业学院(人工智能学院),085400,(01)电子及自动化,271,,13,829电路,媒体整理,https://noobdream.com/schoolinfo/165,,华东,电子信息(大类),,较易
上海海事大学,双非,上海,上海,信息工程学院,085405,软件工程,271,260,,408计算机学科专业基础,媒体整理,https://noobdream.com/schoolinfo/115,,华东,软件工程,11,较易
扬州大学,双非,江苏,扬州,信息与人工智能学院(工业软件学院),085412,网络与信息安全,271,,10,,院系官网,https://xxgcxy.yzu.edu.cn/info/1074/9071.htm,,华东,网络与信息安全,,较易
深圳大学,双非,广东,深圳,深圳理工大学联培项目,085409,生物医学工程,271,,,,官网,https://yz.szu.edu.cn/info/1041/14396.htm,联培专项,华南,生物医学工程,,较易
南京理工大学,211,江苏,南京,物理学院,085407,仪器仪表工程,270,,,,官网,https://m.gaodun.com/kaoyan/1777786.html,,华东,仪器仪表工程,,较易
东南大学,985,江苏,南京,国家卓越工程师学院,085400,电子信息,270,,,,官网,https://yzb.seu.edu.cn/2026/0928/c6674a584558/page.htm,卓工专项,华东,电子信息(大类),,较易
东南大学,985,江苏,南京,国家卓越工程师学院,085409,生物医学工程,270,,,,官网,https://yzb.seu.edu.cn/2026/0928/c6674a584558/page.htm,卓工专项,华东,生物医学工程,,较易
东南大学,985,江苏,南京,国家卓越工程师学院,085410,人工智能,270,,,,官网,https://yzb.seu.edu.cn/2026/0928/c6674a584558/page.htm,卓工专项,华东,人工智能,,较易
河南大学,双非,河南,郑州,人工智能学院,085406,控制工程,270,,48,,院系官网,https://ai.henu.edu.cn/info/1085/16422.htm,郑州校区,华中,控制工程,,较易
深圳大学,双非,广东,深圳,应用技术学院,085403,集成电路工程,270,,,,官网,https://yz.szu.edu.cn/info/1041/14396.htm,,华南,集成电路工程,,较易
深圳大学,双非,广东,深圳,物理与光电工程学院,085410,人工智能,270,,,,官网,https://yz.szu.edu.cn/info/1041/14396.htm,,华南,人工智能,,较易
西安邮电大学,双非,陕西,西安,电子工程学院/集成电路学院,085408,光电信息工程,270,,,,院系官网,https://dianxin.xupt.edu.cn/info/1157/5730.htm,,西北,光电信息工程,,较易
深圳大学,双非,广东,深圳,土木与交通工程学院,085410,人工智能,269,,,,官网,https://yz.szu.edu.cn/info/1041/14396.htm,,华南,人工智能,,较易
贵州大学,211,贵州,贵阳,公共大数据国家重点实验室,085411,大数据技术与工程,268,,,408计算机学科专业基础,媒体整理,https://noobdream.com/schoolinfo/3,2026年院线,西南,大数据技术与工程,,较易
成都理工大学,双非,四川,成都,计算机与网络安全学院(示范性软件学院),085411,大数据技术与工程,268,,,408计算机学科专业基础,官网,https://gra.cdut.edu.cn/info/1074/5773.htm,,西南,大数据技术与工程,,较易
中国地质大学(北京),211,北京,北京,数理学院,085400,电子信息(计算机方向),267,280,10,408 计算机学科专业基础,媒体整理,https://www.noobdream.com/schoolinfo/75,2026年进复试22人，统考录取10人,华北,电子信息(大类),-13,较易
中国地质大学(武汉),211,湖北,武汉,计算机学院,085404,计算机技术(非全日制),267,,39,,院系官网,https://cs.cug.edu.cn/info/1021/11021.htm,非全日制单独划线,华中,计算机技术,,较易
山东科技大学,双非,山东,青岛,卓越工程师学院,085400,电子信息(计算机产教协同),267,,,408计算机学科专业基础,媒体整理,https://noobdream.com/schoolinfo/142,,华东,电子信息(大类),,较易
扬州大学,双非,江苏,扬州,信息与人工智能学院(工业软件学院),085405,软件工程,267,,16,,院系官网,https://xxgcxy.yzu.edu.cn/info/1074/9071.htm,,华东,软件工程,,较易
深圳大学,双非,广东,深圳,微纳光电子学研究院,085408,光电信息工程,267,,,,官网,https://yz.szu.edu.cn/info/1041/14396.htm,,华南,光电信息工程,,较易
深圳大学,双非,广东,深圳,集成光电子工程中心,085408,光电信息工程,267,,,,官网,https://yz.szu.edu.cn/info/1041/14396.htm,,华南,光电信息工程,,较易
上海海事大学,双非,上海,上海,信息工程学院,085410,人工智能,266,260,,408计算机学科专业基础,媒体整理,https://noobdream.com/schoolinfo/115,,华东,人工智能,6,较易
深圳大学,双非,广东,深圳,华大研究生联合培养中心,085408,光电信息工程,266,,,,官网,https://yz.szu.edu.cn/info/1041/14396.htm,联培专项,华南,光电信息工程,,较易
深圳大学,双非,广东,深圳,华大研究生联合培养中心,085409,生物医学工程,266,,,,官网,https://yz.szu.edu.cn/info/1041/14396.htm,联培专项,华南,生物医学工程,,较易
深圳大学,双非,广东,深圳,电子与信息工程学院,085402,通信工程(含宽带网络、移动通信等),266,,68,,官网,https://yz.szu.edu.cn/info/1041/14396.htm,,华南,通信工程,,较易
东北师范大学,211,吉林,长春,信息科学与技术学院,085404,计算机技术（02网络与信息安全）,265,274,2,877算法与程序设计,官网复试方案,https://static.kaoyan.cn/file/2026/06/08/422a47430534c1e93ab06a6e146b8adf.pdf,上线生不足120%，按实际上线人数复试；复试线265,东北,计算机技术,-9,较易
南京理工大学,211,江苏,南京,机械工程学院,085407,仪器仪表工程,265,,,,官网,https://m.gaodun.com/kaoyan/1777786.html,,华东,仪器仪表工程,,较易
南京理工大学,211,江苏,南京,电子工程与光电技术学院,085407,仪器仪表工程,265,,,,官网,https://m.gaodun.com/kaoyan/1777786.html,,华东,仪器仪表工程,,较易
哈尔滨工程大学,211,黑龙江,哈尔滨,计算机科学与技术学院,085400,青岛创新发展基地专项,265,,20,,院系官网,,满足国家线且总分不低于265,东北,电子信息(大类),,较易
哈尔滨工程大学,211,黑龙江,哈尔滨,计算机科学与技术学院,085400,龙江工程师学院专项,265,,37,,院系官网,,满足国家线且总分不低于265,东北,电子信息(大类),,较易
太原理工大学,211,山西,太原,物理与光电工程学院,085408,光电信息工程,265,,75,873 光学,官网,https://www.gs.tyut.edu.cn/info/1261/15529.htm,,华北,光电信息工程,,较易
西北大学,211,陕西,西安,电子信息学院（人工智能学院）,085405,软件工程,265,,17,,官网复试方案,https://sei.nwu.edu.cn/__local/9/A3/12/A79F8C5D85EFDA972499C2A5BF3_C7844F31_35BF1.pdf,学院方案：总分265，总计划33，推免16，公开招考17,西北,软件工程,,较易
西北大学,211,陕西,西安,计算机学院,085401,新一代电子信息技术（含量子技术等）,265,,,,官网,https://yjs.nwu.edu.cn/__local/7/FB/6E/1326E33514A46A404A6EFF89CED_735E8157_1663B.pdf,校线：042计算机学院085401总分265,西北,新一代电子信息技术,,较易
上海海事大学,双非,上海,上海,信息工程学院,085404,计算机技术,265,290,81,408计算机学科专业基础,媒体整理,https://noobdream.com/schoolinfo/115,2026改考408,华东,计算机技术,-25,较易
深圳大学,双非,广东,深圳,应用技术学院,085411,大数据技术与工程,265,,,,官网,https://yz.szu.edu.cn/info/1041/14396.htm,,华南,大数据技术与工程,,较易
深圳大学,双非,广东,深圳,物理与光电工程学院,085408,光电信息工程,265,,,,官网,https://yz.szu.edu.cn/info/1041/14396.htm,,华南,光电信息工程,,较易
上海大学,211,上海,上海,微电子学院,085400,电子信息,264,,,,官网,https://gmis.shu.edu.cn/php/pub/ss_fengshuxian.php?year=2022,2026年校线；单科35/35/53/53,华东,电子信息(大类),,较易
上海大学,211,上海,上海,材料科学与工程学院,085400,电子信息,264,,,,官网,https://gmis.shu.edu.cn/php/pub/ss_fengshuxian.php?year=2022,2026年校线；单科35/35/53/53,华东,电子信息(大类),,较易
上海大学,211,上海,上海,计算机工程与科学学院,085404,计算机技术,264,,,,官网,https://gmis.shu.edu.cn/php/pub/ss_fengshuxian.php?year=2022,2026年校线，等同国家A线；单科35/35/53/53,华东,计算机技术,,较易
东华大学,211,上海,上海,信息与智能科学学院,085402,通信工程（含宽带网络、移动通信等）,264,,,836信号与系统,官网,https://yjszs.dhu.edu.cn/2026/0320/c7128a372739/page.htm,2026年校线；单科35/53,华东,通信工程,,较易
东华大学,211,上海,上海,卓越工程师学院,085400,电子信息,264,,,,官网,https://yjszs.dhu.edu.cn/2026/0320/c7128a372739/page.htm,2026年校线；单科35/53,华东,电子信息(大类),,较易
东华大学,211,上海,上海,物理学院,085400,电子信息,264,273,,,官网,https://yjszs.dhu.edu.cn/2026/0320/c7128a372739/page.htm,2026年校线；单科35/53,华东,电子信息(大类),-9,较易
中国传媒大学,211,北京,北京,信息与通信工程学院,085401,新一代电子信息技术(含量子技术等),264,,5,823 信号与系统,官网,https://yz.cuc.edu.cn/2026/0313/c8543a267631/page.htm,学校2026年进入复试考核基本要求，执行工学国家线264分,华北,新一代电子信息技术,,较易
中国传媒大学,211,北京,北京,信息与通信工程学院,085410,人工智能,264,,,,官网,https://yz.cuc.edu.cn/2026/0313/c8543a267631/page.htm,执行工学国家线264分,华北,人工智能,,较易
中国传媒大学,211,北京,北京,媒体融合与传播国家重点实验室,085411,大数据技术与工程,264,,,,官网,https://yz.cuc.edu.cn/2026/0313/c8543a267631/page.htm,执行工学国家线264分,华北,大数据技术与工程,,较易
中国传媒大学,211,北京,北京,数据科学与智能媒体学院,085411,大数据技术与工程,264,,,,官网,https://yz.cuc.edu.cn/2026/0313/c8543a267631/page.htm,执行工学国家线264分,华北,大数据技术与工程,,较易
中国传媒大学,211,北京,北京,计算机与网络空间安全学院,085404,计算机技术,264,,,,官网,https://yz.cuc.edu.cn/2026/0313/c8543a267631/page.htm,执行工学国家线264分,华北,计算机技术,,较易
中国传媒大学,211,北京,北京,计算机与网络空间安全学院,085411,大数据技术与工程,264,,,,官网,https://yz.cuc.edu.cn/2026/0313/c8543a267631/page.htm,执行工学国家线264分,华北,大数据技术与工程,,较易
中国传媒大学,211,北京,北京,计算机与网络空间安全学院,085412,网络与信息安全(传奇班),264,,,,官网,https://yz.cuc.edu.cn/2026/0313/c8543a267631/page.htm,执行工学国家线264分,华北,网络与信息安全,,较易
中国地质大学(北京),211,北京,北京,人工智能学院,085405,软件工程,264,,4,408 计算机学科专业基础,媒体整理,https://www.noobdream.com/schoolinfo/75,2026年进复试4人并全部录取,华北,软件工程,,较易
中国石油大学(北京),211,北京,北京,人工智能学院,085401,新一代电子信息技术(含量子技术等),264,,10,,官网,https://grs.cup.edu.cn/wenku/www/202603/211858252q53.pdf,学校公布的2026年进入复试初试成绩基本要求；统考招生计划10人,华北,新一代电子信息技术,,较易
中国石油大学(北京),211,新疆,克拉玛依,克拉玛依校区,085406,控制工程,264,,,,官网,https://www.cupk.edu.cn/yjsb/upload/resources/file/2026/04/02/111354.pdf,克拉玛依校区单独划线,西北,控制工程,,较易
北京交通大学,211,北京,北京,在职专业学位中心,085400,085402/085404/085405/085410/085411/085412（非全日制）,264,,,,官网,https://gs.bjtu.edu.cn/tzgg/qb/537f8eb85d004e9d81bb09eaf3f9e03f.htm,非全日制均执行国家线264,华北,电子信息(大类),,较易
北京交通大学,211,北京,威海,威海校区,085402,通信工程（含宽带网络、移动通信等）,264,,,,官网,https://gs.bjtu.edu.cn/tzgg/qb/537f8eb85d004e9d81bb09eaf3f9e03f.htm,国家线,华北,通信工程,,较易
北京体育大学,211,北京,北京,体育工程学院,085411,大数据技术与工程(体育大数据分析与应用),264,,5,,官网,https://static.kaoyan.cn/locoy/201/9598h0ueyrjr0it.pdf,执行国家线A区264,华北,大数据技术与工程,,较易
北京工业大学,211,北京,北京,信息科学技术学院,085410,人工智能,264,,,,官网,https://yanzhao.bjut.edu.cn/info/1712/18081.htm,国家线,华北,人工智能,,较易
华东理工大学,211,上海,上海,信息科学与工程学院,085406,控制工程（02工业软件）,264,324,10,801化工原理,媒体整理,https://yz.kaoyan365.cn/zhaosheng/161083.html,2026年该方向复试线264，等同国家A线；单科50/50/75/75,华东,控制工程,-60,较易
华中师范大学,211,湖北,武汉,伍伦贡联合研究院,085402,通信工程(含宽带网络、移动通信等),264,,40,,院系官网,https://uowji.ccnu.edu.cn/info/1023/14241.htm,中外合作办学，外语单科线60分,华中,通信工程,,较易
华中师范大学,211,湖北,武汉,伍伦贡联合研究院,085405,软件工程,264,,19,,院系官网,https://uowji.ccnu.edu.cn/info/1023/14241.htm,中外合作办学，外语单科线60分,华中,软件工程,,较易
华中师范大学,211,湖北,武汉,伍伦贡联合研究院,085410,人工智能,264,,17,,院系官网,https://uowji.ccnu.edu.cn/info/1023/14241.htm,中外合作办学，外语单科线60分,华中,人工智能,,较易
华北电力大学(保定),211,河北,保定,数理系,085408,光电信息工程,264,,19,,官网,https://gs.ncepu.edu.cn/docs/2026-06/6c8529c1424d422aa89fe671858adfa2.pdf,16+3，国家线，需调剂,华北,光电信息工程,,较易
华北电力大学(保定),211,河北,保定,电子与通信工程系,085401,新一代电子信息技术（非全日制）,264,,6,,官网,https://gs.ncepu.edu.cn/docs/2026-06/6c8529c1424d422aa89fe671858adfa2.pdf,0+6，国家线,华北,新一代电子信息技术,,较易
华北电力大学(保定),211,河北,保定,自动化系,085410,人工智能（非全日制）,264,,9,,官网,https://gs.ncepu.edu.cn/docs/2026-06/6c8529c1424d422aa89fe671858adfa2.pdf,0+9，国家线,华北,人工智能,,较易
华北电力大学(保定),211,河北,保定,计算机系,085405,软件工程（非全日制）,264,,8,,官网,https://gs.ncepu.edu.cn/docs/2026-06/6c8529c1424d422aa89fe671858adfa2.pdf,0+8，国家线,华北,软件工程,,较易
华北电力大学(北京),211,北京,北京,控制与计算机工程学院,085410,人工智能,264,,55,,官网复试方案,https://cce.ncepu.edu.cn//yjspy/zsxx1/067d122d9ba342eeb6ecc5e3a28ff1d1.htm,国家线，普通招考规模55,华北,人工智能,,较易
华南师范大学,211,广东,广州,电子科学与工程学院（微电子学院）,085403,集成电路工程,264,,34,,官网复试方案,http://gxb.scnu.edu.cn/a/20260320/1780.html,2026年学院初试合格最低分数线；拟招生34人,华南,集成电路工程,,较易
华南师范大学,211,广东,广州,电子科学与工程学院（微电子学院）,085406,控制工程,264,,14,,官网复试方案,http://gxb.scnu.edu.cn/a/20260320/1780.html,2026年学院初试合格最低分数线；拟招生14人,华南,控制工程,,较易
华南师范大学,211,广东,广州,电子科学与工程学院（微电子学院）,085407,仪器仪表工程,264,,18,,官网复试方案,http://gxb.scnu.edu.cn/a/20260320/1780.html,2026年学院初试合格最低分数线；拟招生18人,华南,仪器仪表工程,,较易
华南师范大学,211,广东,广州,电子科学与工程学院（微电子学院）,085408,光电信息工程,264,,23,,官网复试方案,http://gxb.scnu.edu.cn/a/20260320/1780.html,2026年学院初试合格最低分数线；拟招生23人,华南,光电信息工程,,较易
南京航空航天大学,211,江苏,南京,中法学院,085405,软件工程,264,,18,,官网,https://www.graduate.nuaa.edu.cn/2026/0616/c13499a401776/page.htm,国家线,华东,软件工程,,较易
南京航空航天大学,211,江苏,南京,物理学院,085400,不区分研究方向,264,,32,,官网,https://www.graduate.nuaa.edu.cn/2026/0616/c13499a401776/page.htm,国家线,华东,电子信息(大类),,较易
南京航空航天大学,211,江苏,南京,航天学院,085400,航天光电信息,264,,37,,官网,https://www.graduate.nuaa.edu.cn/2026/0616/c13499a401776/page.htm,国家线,华东,电子信息(大类),,较易
合肥工业大学,211,安徽,合肥,仪器科学与光电工程学院,085408,光电信息工程（非全日制）,264,,,,官网,https://yjszs.hfut.edu.cn/2026/0320/c13524a317912/page.htm,,华东,光电信息工程,,较易
合肥工业大学,211,安徽,合肥,卓越工程师学院,085401,新一代电子信息技术（含量子技术等）,264,,,,官网,https://yjszs.hfut.edu.cn/2026/0320/c13524a317912/page.htm,,华东,新一代电子信息技术,,较易
合肥工业大学,211,安徽,合肥,卓越工程师学院,085407,仪器仪表工程,264,,,,官网,https://yjszs.hfut.edu.cn/2026/0320/c13524a317912/page.htm,,华东,仪器仪表工程,,较易
合肥工业大学,211,安徽,合肥,微电子学院,085403,集成电路工程（非全日制）,264,,,,官网,https://yjszs.hfut.edu.cn/2026/0320/c13524a317912/page.htm,,华东,集成电路工程,,较易
合肥工业大学,211,安徽,合肥,物理学院,085400,电子信息（非全日制）,264,,,,官网,https://yjszs.hfut.edu.cn/2026/0320/c13524a317912/page.htm,,华东,电子信息(大类),,较易
合肥工业大学,211,安徽,合肥,电气与自动化工程学院,085400,电子信息（非全日制）,264,,,,官网,https://yjszs.hfut.edu.cn/2026/0320/c13524a317912/page.htm,,华东,电子信息(大类),,较易
哈尔滨工程大学,211,黑龙江,哈尔滨,智能科学与工程学院,085400,青岛创新发展基地专项,264,,60,,院系官网,,执行国家线264,东北,电子信息(大类),,较易
哈尔滨工程大学,211,黑龙江,哈尔滨,智能科学与工程学院,085400,海南（三亚）专项,264,,8,,院系官网,,执行国家线264,东北,电子信息(大类),,较易
哈尔滨工程大学,211,黑龙江,哈尔滨,智能科学与工程学院,085400,长三角研究院（南通）专项,264,,25,,院系官网,,执行国家线264,东北,电子信息(大类),,较易
哈尔滨工程大学,211,黑龙江,哈尔滨,智能科学与工程学院,085400,龙江工程师学院专项,264,,40,,院系官网,,执行国家线264,东北,电子信息(大类),,较易
哈尔滨工程大学,211,黑龙江,哈尔滨,物理与光电工程学院,085400,01 基础计划（全日制）,264,,30,,院系官网,https://yz.chsi.com.cn/zsgs/fslq/detail.action?zsgsId=3541441139&schCode=10217,执行国家线264，需调剂,东北,电子信息(大类),,较易
哈尔滨工程大学,211,黑龙江,哈尔滨,物理与光电工程学院,085400,02 青岛专项,264,,24,,院系官网,https://yz.chsi.com.cn/zsgs/fslq/detail.action?zsgsId=3541441139&schCode=10217,执行国家线264,东北,电子信息(大类),,较易
哈尔滨工程大学,211,黑龙江,哈尔滨,物理与光电工程学院,085400,03 龙江专项,264,,25,,院系官网,https://yz.chsi.com.cn/zsgs/fslq/detail.action?zsgsId=3541441139&schCode=10217,执行国家线264,东北,电子信息(大类),,较易
大连海事大学,211,辽宁,大连,人工智能学院,085410,人工智能,264,,20,408计算机学科专业基础,官网复试方案,https://yz.chsi.com.cn/zsgs/fslq/detail.action?schCode=10151&zsgsId=3543845953,执行国家线A区；与信息科学技术学院085410分别划线,东北,人工智能,,较易
大连海事大学,211,辽宁,大连,人工智能学院,085411,大数据技术与工程,264,,6,408计算机学科专业基础,官网复试方案,https://yz.chsi.com.cn/zsgs/fslq/detail.action?schCode=10151&zsgsId=3543845953,执行国家线A区,东北,大数据技术与工程,,较易
大连海事大学,211,辽宁,大连,信息科学技术学院,085401,新一代电子信息技术（含量子技术等）,264,,23,807电路理论与信号与系统,官网复试方案,https://yz.chsi.com.cn/zsgs/fslq/detail.action?schCode=10151&zsgsId=3543845953,执行国家线A区；招生计划为统考生计划（不含推免）,东北,新一代电子信息技术,,较易
大连海事大学,211,辽宁,大连,信息科学技术学院,085408,光电信息工程,264,,12,807电路理论与信号与系统,官网复试方案,https://yz.chsi.com.cn/zsgs/fslq/detail.action?schCode=10151&zsgsId=3543845953,执行国家线A区,东北,光电信息工程,,较易
大连海事大学,211,辽宁,大连,水路交通控制全国重点实验室,085402,通信工程（含宽带网络、移动通信等）,264,,4,807电路理论与信号与系统,官网复试方案,https://yz.chsi.com.cn/zsgs/fslq/detail.action?schCode=10151&zsgsId=3543845953,执行国家线A区,东北,通信工程,,较易
大连海事大学,211,辽宁,大连,港口与航运安全协同创新中心,085408,光电信息工程,264,,2,,官网复试方案,https://yz.chsi.com.cn/zsgs/fslq/detail.action?schCode=10151&zsgsId=3543845953,执行国家线A区,东北,光电信息工程,,较易
天津医科大学,211,天津,天津,生物医学工程与技术学院,085400,电子信息,264,,6,408 计算机学科专业基础,官网,https://www.kaoyan.cn/school/245/score,复试线执行国家A类工学线264分（掌上考研汇总校线）；2026年专业目录拟招13人，推免7人，统考6人,华北,电子信息(大类),,较易
安徽大学,211,安徽,合肥,大数据与统计学院,085411,大数据技术与工程,264,,,,官网,https://graschool.ahu.edu.cn/2026/0327/c9537a388290/page.htm,执行国家线A区264,华东,大数据技术与工程,,较易
安徽大学,211,安徽,合肥,联合培养(中科院合肥物质科学研究院),085400,电子信息(联合培养),264,335,,,官网,https://graschool.ahu.edu.cn/2026/0327/c9537a388290/page.htm,2026年执行国家线；2025年自划335,华东,电子信息(大类),-71,较易
暨南大学,211,广东,广州,珠海研究院,085410,人工智能（非全日制）,264,,,408计算机学科专业基础,媒体整理,https://noobdream.com/schoolinfo/45,2026年院线,华南,人工智能,,较易
武汉理工大学,211,湖北,武汉,国家卓越工程师学院,085400,电子信息,264,,10,855/848,媒体整理,https://mtoutiao.xdf.cn/kaoyan/202609/15398298.html,26年首招，按国家线,华中,电子信息(大类),,较易
江南大学,211,江苏,无锡,人工智能与计算机学院,085411,大数据技术与工程,264,,,408计算机学科专业基础,官网,https://yz.jiangnan.edu.cn/info/1029/3750.htm,非全日制为主；单科35/53,华东,大数据技术与工程,,较易
西北大学,211,陕西,西安,电子信息学院（人工智能学院）,085401,新一代电子信息技术（含量子技术等）,264,,89,843电子类专业基础综合,官网复试方案,https://sei.nwu.edu.cn/__local/9/A3/12/A79F8C5D85EFDA972499C2A5BF3_C7844F31_35BF1.pdf,学院方案：总分264，总计划106，推免17，公开招考89，达线78；执行国家线A区,西北,新一代电子信息技术,,较易
西安电子科技大学,211,陕西,西安,人工智能学院,085404,计算机技术（非全日制）,264,,,,媒体整理,https://www.yuloo.com/zzy/xidian/news/1994725.shtml,,西北,计算机技术,,较易
西安电子科技大学,211,陕西,西安,人工智能学院,085410,人工智能,264,,,,媒体整理,https://www.yuloo.com/zzy/xidian/news/1994725.shtml,,西北,人工智能,,较易
西安电子科技大学,211,陕西,西安,电子工程学院,085401,03 电子信息（非全日制）,264,,4,,官网复试方案,https://see.xidian.edu.cn/info/1053/103161.htm,,西北,新一代电子信息技术,,较易
西安电子科技大学,211,陕西,西安,通信工程学院,085402,02 电子信息（非全日制）,264,,30,,官网复试方案,https://ste.xidian.edu.cn/info/1337/14876.htm,非全日制执行校线264,西北,通信工程,,较易
陕西师范大学,211,陕西,西安,人工智能与计算机学院,085404,计算机技术,264,,18,408计算机学科专业基础,官网,https://yz.snnu.edu.cn/ss26-020.pdf,执行国家线A区；plan26为学院公布招生计划（是否含推免未注明）,西北,计算机技术,,较易
陕西师范大学,211,陕西,西安,人工智能与计算机学院,085405,软件工程,264,,8,408计算机学科专业基础,官网,https://yz.snnu.edu.cn/ss26-020.pdf,执行国家线A区,西北,软件工程,,较易
陕西师范大学,211,陕西,西安,人工智能与计算机学院,085410,人工智能,264,,6,408计算机学科专业基础,官网,https://yz.snnu.edu.cn/ss26-020.pdf,执行国家线A区,西北,人工智能,,较易
陕西师范大学,211,陕西,西安,人工智能与计算机学院,085411,大数据技术与工程,264,,11,408计算机学科专业基础,官网,https://yz.snnu.edu.cn/ss26-020.pdf,执行国家线A区,西北,大数据技术与工程,,较易
陕西师范大学,211,陕西,西安,人工智能与计算机学院,085412,网络与信息安全,264,,3,408计算机学科专业基础,官网,https://yz.snnu.edu.cn/ss26-020.pdf,执行国家线A区,西北,网络与信息安全,,较易
陕西师范大学,211,陕西,西安,物理学与信息技术学院,085408,光电信息工程,264,,33,,官网,https://yz.snnu.edu.cn/ss26-015.pdf,执行国家线A区,西北,光电信息工程,,较易
中国海洋大学,985,山东,青岛,信息科学与工程学部,085401,新一代电子信息技术（中法双硕士）,264,,,,官网,https://yz.ouc.edu.cn/2026/0320/c31626a522722/page.htm,中法双硕士项目；执行国家线,华东,新一代电子信息技术,,较易
中国海洋大学,985,山东,青岛,信息科学与工程学部,085401,新一代电子信息技术（三亚）,264,,45,819 信号与系统综合,官网,https://yz.ouc.edu.cn/2026/0320/c31626a522722/page.htm,三亚海洋研究院计划；执行国家线,华东,新一代电子信息技术,,较易
中国海洋大学,985,山东,青岛,信息科学与工程学部,085403,集成电路工程,264,,,,官网,https://yz.ouc.edu.cn/2026/0320/c31626a522722/page.htm,执行国家线,华东,集成电路工程,,较易
华东师范大学,985,上海,上海,数据科学与工程学院,085411,大数据技术与工程,264,,68,,官网,https://static.kaoyan.cn/locoy/261/10069o5ziq5eitad.pdf,另有非全日制计划40人,华东,大数据技术与工程,,较易
华东师范大学,985,上海,上海,空间人工智能学院,085410,人工智能,264,,17,,官网,https://static.kaoyan.cn/locoy/261/10069o5ziq5eitad.pdf,,华东,人工智能,,较易
华东师范大学,985,上海,上海,精密光谱科学与技术高等研究院,085408,光电信息工程,264,,6,,官网,https://static.kaoyan.cn/locoy/261/10069o5ziq5eitad.pdf,,华东,光电信息工程,,较易
华东师范大学,985,上海,上海,计算机科学与技术学院,085404,计算机技术,264,,65,,官网,https://static.kaoyan.cn/locoy/261/10069o5ziq5eitad.pdf,另有非全日制计划65人,华东,计算机技术,,较易
华东师范大学,985,上海,上海,软件工程学院（滴水湖国际软件学院）,085405,软件工程,264,,79,,官网,https://static.kaoyan.cn/locoy/261/10069o5ziq5eitad.pdf,另有非全日制计划95人,华东,软件工程,,较易
华东师范大学,985,上海,上海,通信与电子工程学院,085402,通信工程（含宽带网络、移动通信等）,264,,78,,官网,https://static.kaoyan.cn/locoy/261/10069o5ziq5eitad.pdf,另有非全日制计划53人,华东,通信工程,,较易
华东师范大学,985,上海,上海,通信与电子工程学院,085403,集成电路工程,264,,43,,官网,https://static.kaoyan.cn/locoy/261/10069o5ziq5eitad.pdf,另有非全日制计划22人,华东,集成电路工程,,较易
同济大学,985,上海,上海,工程类专业学位研究生教育管理中心,085400,电子信息,264,,,,官网,https://yz.tongji.edu.cn/900-tongjidaxuegongchengleizhuanyexueweiyanjiushengjiaoyuguanlizhongxin2026nianfushifenshuxian.pdf,学院代码900，单独划线；校线315不适用,华东,电子信息(大类),,较易
同济大学,985,上海,上海,工程类专业学位研究生教育管理中心,085404,计算机技术,264,,,,官网,https://yz.tongji.edu.cn/900-tongjidaxuegongchengleizhuanyexueweiyanjiushengjiaoyuguanlizhongxin2026nianfushifenshuxian.pdf,学院代码900，单独划线,华东,计算机技术,,较易
同济大学,985,上海,上海,工程类专业学位研究生教育管理中心,085405,软件工程,264,,,,官网,https://yz.tongji.edu.cn/900-tongjidaxuegongchengleizhuanyexueweiyanjiushengjiaoyuguanlizhongxin2026nianfushifenshuxian.pdf,学院代码900，单独划线,华东,软件工程,,较易
四川大学,985,四川,成都,计算机学院（软件学院）,085405,软件工程（非全日制）,264,,52,,官网,https://www.zizzs.com/gk/kaoyanzhuanqu/218117.html,非全日制；085405软件工程单独划校线264,西南,软件工程,,较易
西北农林科技大学,985,陕西,咸阳市（杨凌）,机械与电子工程学院,085406,控制工程,264,,47,408 计算机学科专业基础,媒体整理,https://noobdream.com/schoolinfo/244,执行A区国家线264,西北,控制工程,,较易
上海海洋大学,双一流,上海,上海,信息学院,085410,人工智能(非全日制),264,,60,408 计算机学科专业基础,院系官网,https://xxxy.shou.edu.cn/2026/0321/c17052a351242/page.htm,非全日制，复试采用网络远程方式；2026年专业目录拟招60人（不含推免）,华东,人工智能,,较易
上海海洋大学,双一流,上海,上海,工程学院,085400,电子信息,264,,,,官网,https://yjs.shou.edu.cn/2026/0320/c18594a351214/page.htm,学校2026年硕士研究生复试基本分数线,华东,电子信息(大类),,较易
宁波大学,双一流,浙江,宁波,信息科学与工程学院,085400,电子信息(非全日制),264,,30,830 C程序设计,媒体整理,https://noobdream.com/schoolinfo/129,上线考生均进入复试，执行国家线264分；录取28人,华东,电子信息(大类),,较易
上海理工大学,双非,上海,上海,光电信息与计算机工程学院,085404,计算机技术(沪赣合作),264,,,,媒体整理,https://wap.kaoyan365.cn/fenshuxian/393214.html,国家A类线,华东,计算机技术,,较易
上海理工大学,双非,上海,上海,光电信息与计算机工程学院,085404,计算机技术(许昌学院合作),264,,,,媒体整理,https://wap.kaoyan365.cn/fenshuxian/393214.html,国家A类线,华东,计算机技术,,较易
上海理工大学,双非,上海,上海,光电信息与计算机工程学院,085406,控制工程(沪赣合作),264,,,,媒体整理,https://wap.kaoyan365.cn/fenshuxian/393214.html,国家A类线,华东,控制工程,,较易
上海理工大学,双非,上海,上海,光电信息与计算机工程学院,085410,人工智能,264,,,,媒体整理,https://wap.kaoyan365.cn/fenshuxian/393214.html,国家A类线,华东,人工智能,,较易
上海理工大学,双非,上海,上海,智能科技学院,085400,电子信息,264,,,,院系官网,https://saist.usst.edu.cn/2026/0331/c16114a358958/page.htm,接收调剂，按国家A类线,华东,电子信息(大类),,较易
上海科技大学,双非,上海,上海,信息科学与技术学院,085400,电子信息(电子科学与技术/计算机/信息与通信工程/集成电路工艺制造技术方向),264,,,,官网,https://sist.shanghaitech.edu.cn/2026/0316/c7339a1119896/page.htm,新型研究型大学；国家A类线,华东,电子信息(大类),,较易
上海科技大学,双非,上海,上海,生物医学工程学院,085400,电子信息,264,,,,官网,https://www.chinakaoyan.com/graduate/info/nid/658851/schoolID/2234.shtml,一志愿线264；调剂线310,华东,电子信息(大类),,较易
东北电力大学,双非,吉林,吉林,电气工程学院,085402,通信工程(含宽带网络、移动通信等),264,,,,官网,https://m.kaoyan.cn:10443/news/266822,执行国家线A区264,东北,通信工程,,较易
东北电力大学,双非,吉林,吉林,计算机学院,085404,计算机技术,264,,40,408计算机学科专业基础,官网,https://m.kaoyan.cn:10443/news/266822,执行国家线A区264,东北,计算机技术,,较易
南京信息工程大学,双非,江苏,南京,南信大-国防科大第六十三研究所联合培养基地,085401,新一代电子信息技术(含量子技术等),264,,,,媒体整理,https://ima.qq.com/wiki/?shareId=a8f54ff25963d562f0b1c66dca221806cb4648cc8456ef3df727974d5603e432,联培基地；国家A类线,华东,新一代电子信息技术,,较易
南京信息工程大学,双非,江苏,南京,南信大浦口经开区创新港研究生培养基地,085411,大数据技术与工程,264,,8,816数据结构与算法设计,媒体整理,https://www.ludengkaoyan.com/school216/qrz/zsml/188630.html,异地研究院基地,华东,大数据技术与工程,,较易
南京信息工程大学,双非,江苏,南京,计算机学院(沃特福德学院),085400,电子信息(中外合作办学),264,,,,院系官网,https://scs.nuist.edu.cn/2026/0320/c5923a296267/page.htm,国家A类线,华东,电子信息(大类),,较易
南京邮电大学,双非,江苏,南京,化学与生命科学学院,085400,电子信息,264,,,,媒体整理,https://m-jixun.iqihang.com/zixun/fenshuxian/2026748179.html,国家A类线,华东,电子信息(大类),,较易
南京邮电大学,双非,江苏,南京,南京市浦口区联合培养(浦芯精英专项),085403,集成电路工程(非全日制),264,,,,媒体整理,https://m-jixun.iqihang.com/zixun/fenshuxian/2026748179.html,专项计划；国家A类线,华东,集成电路工程,,较易
南京邮电大学,双非,江苏,南京,南邮欧洲塞浦路斯学院(中外合作办学),085404,计算机技术,264,,,,媒体整理,https://m-jixun.iqihang.com/zixun/fenshuxian/2026748179.html,国家A类线,华东,计算机技术,,较易
南京邮电大学,双非,江苏,南京,理学院,085400,电子信息,264,,,,媒体整理,https://m-jixun.iqihang.com/zixun/fenshuxian/2026748179.html,国家A类线,华东,电子信息(大类),,较易
南方科技大学,双非,广东,深圳,创新创业学院,085400,电子信息,264,,,,院系官网,http://ie-school.sustech.edu.cn/page/content?id=704,双一流；国家A类线,华南,电子信息(大类),,较易
南方科技大学,双非,广东,深圳,生物医学工程系,085400,电子信息,264,,2,电子科学与技术综合,院系官网,https://bme.sustech.edu.cn/2630.html,双一流；国家A类线,华南,电子信息(大类),,较易
南昌航空大学,双非,江西,南昌,信息工程学院,085401,新一代电子信息技术(含量子技术等),264,,23,841数字电路,官网复试方案,https://m.eduego.com/school255/fsx/3944.html,执行国家线A区264,华东,新一代电子信息技术,,较易
南昌航空大学,双非,江西,南昌,软件学院,085405,软件工程,264,,53,408计算机学科专业基础,官网复试方案,https://m.eduego.com/school255/fsx/3944.html,执行国家线A区264,华东,软件工程,,较易
天津理工大学,双非,天津,天津,海运学院,085400,电子信息,264,,,,官网,https://www.eduego.com/school126/fsx/3806.html,执行国家线A区264,华北,电子信息(大类),,较易
天津理工大学,双非,天津,天津,电气工程与自动化学院,085400,电子信息,264,,,,官网,https://www.eduego.com/school126/fsx/3806.html,执行国家线A区264,华北,电子信息(大类),,较易
天津理工大学,双非,天津,天津,聋人工学院,085404,计算机技术,264,,,,官网,https://www.eduego.com/school126/fsx/3806.html,执行国家线A区264,华北,计算机技术,,较易
天津理工大学,双非,天津,天津,集成电路科学与工程学院,085403,集成电路工程,264,,,,官网,https://www.eduego.com/school126/fsx/3806.html,执行国家线A区264,华北,集成电路工程,,较易
天津理工大学,双非,天津,天津,集成电路科学与工程学院,085408,光电信息工程,264,,,,官网,https://www.eduego.com/school126/fsx/3806.html,执行国家线A区264,华北,光电信息工程,,较易
太原科技大学,双非,山西,太原,电子信息工程学院,085402,通信工程(含宽带网络、移动通信等),264,,32,826信号与系统,官网,https://yjsxy.tyust.edu.cn/info/1203/3648.htm,非自划线，执行国家A类线,华北,通信工程,,较易
太原科技大学,双非,山西,太原,计算机科学与技术学院,085404,计算机技术,264,,,,官网,https://yjsxy.tyust.edu.cn/info/1203/3648.htm,国家A类线,华北,计算机技术,,较易
太原科技大学,双非,山西,太原,计算机科学与技术学院,085405,软件工程,264,,,,官网,https://yjsxy.tyust.edu.cn/info/1203/3648.htm,国家A类线,华北,软件工程,,较易
太原科技大学,双非,山西,太原,计算机科学与技术学院,085410,人工智能,264,,,,官网,https://yjsxy.tyust.edu.cn/info/1203/3648.htm,国家A类线,华北,人工智能,,较易
太原科技大学,双非,山西,太原,计算机科学与技术学院,085411,大数据技术与工程,264,,,,官网,https://yjsxy.tyust.edu.cn/info/1203/3648.htm,国家A类线,华北,大数据技术与工程,,较易
太原科技大学,双非,山西,太原,计算机科学与技术学院,085412,网络与信息安全,264,,,,官网,https://yjsxy.tyust.edu.cn/info/1203/3648.htm,国家A类线,华北,网络与信息安全,,较易
成都信息工程大学,双非,四川,成都,人工智能学院,085410,人工智能,264,,,,官网,https://gs.cuit.edu.cn/info/1017/1881.htm,国家A类线,西南,人工智能,,较易
成都信息工程大学,双非,四川,成都,光电工程学院,085408,光电信息工程,264,,,,官网,https://gs.cuit.edu.cn/info/1017/1881.htm,国家A类线,西南,光电信息工程,,较易
成都信息工程大学,双非,四川,成都,网络空间安全学院,085412,网络与信息安全,264,,,,官网,https://gs.cuit.edu.cn/info/1017/1881.htm,国家A类线,西南,网络与信息安全,,较易
成都信息工程大学,双非,四川,成都,计算机学院,085404,计算机技术,264,,,,官网,https://gs.cuit.edu.cn/info/1017/1881.htm,国家A类线,西南,计算机技术,,较易
成都信息工程大学,双非,四川,成都,软件学院,085405,软件工程,264,,,,官网,https://gs.cuit.edu.cn/info/1017/1881.htm,国家A类线,西南,软件工程,,较易
成都信息工程大学,双非,四川,成都,通信工程学院(微电子学院),085402,通信工程(含宽带网络、移动通信等),264,,,,官网,https://gs.cuit.edu.cn/info/1017/1881.htm,国家A类线,西南,通信工程,,较易
成都信息工程大学,双非,四川,成都,集成电路学院,085403,集成电路工程,264,,,,官网,https://gs.cuit.edu.cn/info/1017/1881.htm,国家A类线,西南,集成电路工程,,较易
扬州大学,双非,江苏,扬州,信息与人工智能学院(工业软件学院),085410,人工智能,264,,8,,院系官网,https://xxgcxy.yzu.edu.cn/info/1074/9071.htm,国家A类线,华东,人工智能,,较易
扬州大学,双非,江苏,扬州,物理科学与技术学院(集成电路学院),085400,电子信息(光纤与光电子技术),264,,74,823普通物理学,院系官网,https://wlxy.yzu.edu.cn/info/1013/9245.htm,国家A类线；另有非全日制1人,华东,电子信息(大类),,较易
杭州电子科技大学,双非,浙江,杭州,杭电圣光机智能系统和机器人研究中心,085406,控制工程,264,,,,官网,https://grs.hdu.edu.cn/2026/0324/c13498a290580/page.htm,国家A类线；中外合作研究机构,华东,控制工程,,较易
杭州电子科技大学,双非,浙江,杭州,杭电圣光机计算科学与智能控制研究中心,085404,计算机技术,264,,,,官网,https://grs.hdu.edu.cn/2026/0324/c13498a290580/page.htm,国家A类线；中外合作研究机构,华东,计算机技术,,较易
杭州电子科技大学,双非,浙江,杭州,电子信息中外合作教育中心,085400,电子信息(中外合作办学),264,260,18,845信号与系统分析,官网,https://grs.hdu.edu.cn/2026/0324/c13498a290580/page.htm,国家A类线,华东,电子信息(大类),4,较易
杭州电子科技大学,双非,浙江,杭州,自动化学院(人工智能学院),085410,人工智能,264,,,,官网,https://grs.hdu.edu.cn/2026/0324/c13498a290580/page.htm,国家A类线,华东,人工智能,,较易
杭州电子科技大学,双非,浙江,杭州,计算机技术工程教育中心,085404,计算机技术(非全日制),264,,,,官网,https://grs.hdu.edu.cn/2026/0324/c13498a290580/page.htm,国家A类线,华东,计算机技术,,较易
杭州电子科技大学,双非,浙江,杭州,集成电路工程教育中心,085403,集成电路工程(非全日制),264,,,,官网,https://grs.hdu.edu.cn/2026/0324/c13498a290580/page.htm,国家A类线,华东,集成电路工程,,较易
武汉科技大学,双非,湖北,武汉,信息科学与工程学院(人工智能学院),085400,电子信息(01集成电路),264,,,,媒体整理,https://www.tongxinkaoyan.com/28334.html,执行国家线A区264,华中,电子信息(大类),,较易
武汉科技大学,双非,湖北,武汉,信息科学与工程学院(人工智能学院),085400,电子信息(03方向),264,,,,媒体整理,https://www.tongxinkaoyan.com/28334.html,执行国家线A区264,华中,电子信息(大类),,较易
江苏大学,双非,江苏,镇江,电气信息工程学院,085402,通信工程,264,,,,院系官网,https://m.kaoyan.cn:10443/news/274215,国家A类线,华东,通信工程,,较易
江苏大学,双非,江苏,镇江,电气信息工程学院,085406,控制工程,264,,,,院系官网,https://m.kaoyan.cn:10443/news/274215,国家A类线,华东,控制工程,,较易
江苏大学,双非,江苏,镇江,计算机科学与通信工程学院,085402,通信工程(含宽带网络、移动通信等),264,,10,852通信系统原理,院系官网,https://cs.ujs.edu.cn/info/1069/47467.htm,国家A类线,华东,通信工程,,较易
江苏大学,双非,江苏,镇江,计算机科学与通信工程学院,085405,软件工程,264,,,,院系官网,https://cs.ujs.edu.cn/info/1069/47467.htm,国家A类线,华东,软件工程,,较易
江苏大学,双非,江苏,镇江,计算机科学与通信工程学院,085410,人工智能,264,,,,院系官网,https://cs.ujs.edu.cn/info/1069/47467.htm,国家A类线,华东,人工智能,,较易
河南大学,双非,河南,郑州,人工智能学院,085410,人工智能,264,,35,,院系官网,https://ai.henu.edu.cn/info/1085/16422.htm,郑州校区；国家A类线,华中,人工智能,,较易
河南大学,双非,河南,开封,柔性电子学院,085408,光电信息工程,264,,,,官网,https://grs.henu.edu.cn/046-2026nianshuoshiyanjiushengfushifenshuxian.pdf,国家A类线,华中,光电信息工程,,较易
河南大学,双非,河南,开封,物理与电子学院,085403,集成电路工程,264,,,,官网,https://images.eduego.com/Uploads/file/20260330/ced26b2a191d81a609bbdf42982d911b.pdf,国家A类线,华中,集成电路工程,,较易
河南大学,双非,河南,开封,物理与电子学院,085408,光电信息工程,264,,,,官网,https://images.eduego.com/Uploads/file/20260330/ced26b2a191d81a609bbdf42982d911b.pdf,国家A类线,华中,光电信息工程,,较易
浙江工业大学,双非,浙江,杭州,信息工程学院,085406,控制工程,264,,,,院系官网,https://ie.zjut.edu.cn/2026/0328/c9649a336041/page.htm,国家A类线,华东,控制工程,,较易
浙江工业大学,双非,浙江,杭州,浙江工业大学埃克塞特联合学院,085400,电子信息(含通信工程8、控制工程17),264,,25,,院系官网,https://ie.zjut.edu.cn/2026/0328/c9649a336041/page.htm,中外合作，学费8万/学年,华东,电子信息(大类),,较易
浙江工业大学,双非,浙江,杭州,物理与光电学院,085400,电子信息,264,,83,,院系官网,https://wlxy.zjut.edu.cn/index.php/Index/file_news_read?id=10102&pid=5&mid=49,国家A类线；含富阳科教人融合中心专项20个,华东,电子信息(大类),,较易
深圳大学,双非,广东,深圳,医学部,085410,人工智能(医疗),264,,,,官网,https://yz.szu.edu.cn/info/1041/14396.htm,国家A类线,华南,人工智能,,较易
深圳大学,双非,广东,深圳,应用技术学院,085409,生物医学工程,264,,,,官网,https://yz.szu.edu.cn/info/1041/14396.htm,国家A类线,华南,生物医学工程,,较易
湘潭大学,双非,湖南,湘潭,自动化与电子信息学院,085400,控制工程,264,,45,,院系官网,https://aei.xtu.edu.cn/info/1078/5373.htm,双一流(数学)；国家A类线,华中,电子信息(大类),,较易
湘潭大学,双非,湖南,湘潭,自动化与电子信息学院,085400,通信工程,264,,47,,院系官网,https://aei.xtu.edu.cn/info/1078/5373.htm,双一流；含推免2人；国家A类线,华中,电子信息(大类),,较易
湘潭大学,双非,湖南,湘潭,计算机学院·网络空间安全学院,085400,电子信息,264,,,,官网,https://yz.chsi.com.cn/zsgs/wap/fslq/detail?zsgsId=3541407753&schCode=10530,非自划线专业，执行A类国家线,华中,电子信息(大类),,较易
燕山大学,双非,河北,秦皇岛,信息科学与工程学院,085402,通信工程(含宽带网络、移动通信等),264,,,,官网,https://zsjyc.ysu.edu.cn/info/1254/6935.htm,国家A类线,华北,通信工程,,较易
燕山大学,双非,河北,秦皇岛,信息科学与工程学院,085404,计算机技术,264,,,,官网,https://zsjyc.ysu.edu.cn/info/1254/6935.htm,国家A类线,华北,计算机技术,,较易
燕山大学,双非,河北,秦皇岛,信息科学与工程学院,085408,光电信息工程,264,,,,官网,https://zsjyc.ysu.edu.cn/info/1254/6935.htm,国家A类线,华北,光电信息工程,,较易
燕山大学,双非,河北,秦皇岛,电气工程学院,085406,控制工程,264,,,,官网,https://zsjyc.ysu.edu.cn/info/1254/6935.htm,国家A类线,华北,控制工程,,较易
燕山大学,双非,河北,秦皇岛,电气工程学院,085407,仪器仪表工程,264,,,,官网,https://zsjyc.ysu.edu.cn/info/1254/6935.htm,国家A类线,华北,仪器仪表工程,,较易
燕山大学,双非,河北,秦皇岛,电气工程学院,085410,人工智能,264,,,,官网,https://zsjyc.ysu.edu.cn/info/1254/6935.htm,国家A类线,华北,人工智能,,较易
西安建筑科技大学,双非,陕西,西安,信息与控制工程学院,085400,电子信息(含控制工程等方向),264,,98,883C语言程序设计,官网,https://yzb.xauat.edu.cn,国家A类线；统考数一英一,西北,电子信息(大类),,较易
西安理工大学,双非,陕西,西安,光电科学与智能仪器学院,085400,电子信息(仪器仪表工程),264,,42,812误差理论与数据处理,官网,https://yjsy.xaut.edu.cn/info/1064/4959.htm,国家A类线,西北,电子信息(大类),,较易
西安理工大学,双非,陕西,西安,印刷包装与数字媒体学院,085400,电子信息,264,,,,官网,https://yjsy.xaut.edu.cn/info/1064/4959.htm,国家A类线,西北,电子信息(大类),,较易
西安理工大学,双非,陕西,西安,自动化与信息工程学院,085406,控制工程,264,,,,官网,https://yjsy.xaut.edu.cn/info/1064/4959.htm,国家A类线,西北,控制工程,,较易
西安理工大学,双非,陕西,西安,计算机科学与工程学院,085412,网络与信息安全,264,,,,官网,https://yjsy.xaut.edu.cn/info/1064/4959.htm,国家A类线,西北,网络与信息安全,,较易
西安科技大学,双非,陕西,西安,人工智能与计算机学院,085404,计算机技术,264,,,,官网,https://yjs.xust.edu.cn/info/1154/7664.htm,执行国家线A区264,西北,计算机技术,,较易
西安科技大学,双非,陕西,西安,人工智能与计算机学院,085405,软件工程,264,,,,官网,https://yjs.xust.edu.cn/info/1154/7664.htm,执行国家线A区264,西北,软件工程,,较易
西安科技大学,双非,陕西,西安,理学院,085400,电子信息,264,,,,官网,https://yjs.xust.edu.cn/info/1154/7664.htm,执行国家线A区264,西北,电子信息(大类),,较易
西安科技大学,双非,陕西,西安,电气与控制工程学院,085406,控制工程,264,,,,官网,https://yjs.xust.edu.cn/info/1154/7664.htm,执行国家线A区264,西北,控制工程,,较易
西安科技大学,双非,陕西,西安,通信与信息工程学院,085400,电子信息,264,,,,官网,https://yjs.xust.edu.cn/info/1154/7664.htm,执行国家线A区264,西北,电子信息(大类),,较易
西安邮电大学,双非,陕西,西安,电子工程学院/集成电路学院,085401,新一代电子信息技术(含量子技术等),264,,,,院系官网,https://dianxin.xupt.edu.cn/info/1157/5730.htm,国家A类线,西北,新一代电子信息技术,,较易
重庆邮电大学,双非,重庆,重庆,生命健康信息科学与工程学院,085409,生物医学工程,264,272,,,媒体整理,https://www.chinakaoyan.com/graduate/info/nid/668021/schoolID/751.shtml,国家A类线,西南,生物医学工程,-8,较易
重庆邮电大学,双非,重庆,重庆,电子科学与工程学院,085408,光电信息工程,264,260,,,媒体整理,https://www.chinakaoyan.com/graduate/info/nid/668021/schoolID/751.shtml,国家A类线；2025届在光电工程学院,西南,光电信息工程,4,较易
长沙理工大学,双非,湖南,长沙,机械与运载工程学院,085400,智能检测与信号处理、检测技术与自动化装置、机器人与智能控制,264,,10,826信号分析与处理,媒体整理,https://www.ludengkaoyan.com/school299/qrz/zsml/356120.html,国家A类线,华中,电子信息(大类),,较易
齐鲁工业大学,双非,山东,济南,数学与人工智能学部,085410,人工智能(医学人工智能),264,,21,873计算机专业综合,媒体整理,https://www.ludengkaoyan.com/school268/qrz/zsml/26971.html,国家A类线,华东,人工智能,,较易
齐鲁工业大学,双非,山东,济南,电子电气与控制学部,085401,新一代电子信息技术(含量子技术等),264,,,,官网,https://jixun.iqihang.com/schoolscore/20264920.html,国家A类线,华东,新一代电子信息技术,,较易
齐鲁工业大学,双非,山东,济南,计算机科学与技术学部,085404,计算机技术,264,,,,院系官网,http://jsxb.scsc.cn/list_22/1496.html,山东省科学院；国家A类线,华东,计算机技术,,较易
太原理工大学,211,山西,太原,计算机科学与技术学院（大数据学院）,085404,计算机技术（非全日制/单独考试）,260,,,,官网,https://www.gs.tyut.edu.cn/info/1261/15529.htm,单独考试线,华北,计算机技术,,较易
云南大学,211,云南,昆明,信息学院,085401,新一代电子信息技术（含量子技术等）,259,250,,,官网,http://www.grs.ynu.edu.cn/,2026年一志愿进入复试初试成绩要求；单科32/48,西南,新一代电子信息技术,9,较易
广西大学,211,广西,南宁,计算机与电子信息学院,085401,新一代电子信息技术（含量子技术等）,254,,29（含推免1）,816数字电路及信号与系统,院系官网,https://yz.chsi.com.cn/zsgs/fslq/detail.action?schCode=10593&zsgsId=3541430745,复试资格线，等同B区国家线；单科32/48,华南,新一代电子信息技术,,较易
广西大学,211,广西,南宁,计算机与电子信息学院,085402,通信工程（含宽带网络、移动通信等）,254,,39（含推免3）,,院系官网,https://yz.chsi.com.cn/zsgs/fslq/detail.action?schCode=10593&zsgsId=3541430745,复试资格线，等同B区国家线；单科32/48,华南,通信工程,,较易
广西大学,211,广西,南宁,计算机与电子信息学院,085404,计算机技术,254,,87（含推免3）,,院系官网,https://yz.chsi.com.cn/zsgs/fslq/detail.action?schCode=10593&zsgsId=3541430745,复试资格线，等同B区国家线；单科32/48,华南,计算机技术,,较易
广西大学,211,广西,南宁,计算机与电子信息学院,085410,人工智能（全日制）,254,,67（含推免3）,,院系官网,https://yz.chsi.com.cn/zsgs/fslq/detail.action?schCode=10593&zsgsId=3541430745,复试资格线，等同B区国家线；单科32/48,华南,人工智能,,较易
广西大学,211,广西,南宁,计算机与电子信息学院,085410,人工智能（非全日制）,254,,30,,院系官网,https://yz.chsi.com.cn/zsgs/fslq/detail.action?schCode=10593&zsgsId=3541430745,复试资格线，等同B区国家线；单科32/48,华南,人工智能,,较易
延边大学,211,吉林,延吉,工学院,085400,电子信息（计算机技术方向）,254,,,,官网,https://grad.ybu.edu.cn/info/1188/6734.htm,校复试基本要求：执行国家线B区（工学254/32/48），按招生计划120%确定复试名单,东北,电子信息(大类),,较易
新疆大学,211,新疆,乌鲁木齐,智能科学与技术学院（未来技术学院）,085400,电子信息（02人工智能）,254,,,,媒体整理,https://noobdream.com/schoolinfo/9,执行国家线B区（工学254/32/48）,西北,电子信息(大类),,较易
新疆大学,211,新疆,乌鲁木齐,计算机科学与技术学院（信息科学与工程学院）,085404,计算机技术,254,,256,828数据结构,媒体整理,https://noobdream.com/schoolinfo/9,执行国家线B区；plan26来自专业目录不含推免数,西北,计算机技术,,较易
石河子大学,211,新疆,石河子,信息科学与技术学院,085400,电子信息（不区分研究方向）,254,,17,408计算机学科专业基础,官网复试方案,https://cs.shzu.edu.cn/2026/0320/c12051a229843/page.htm,执行国家线B区；学院细则：一志愿以国家B区线为基础，按1:1.5差额确定复试名单,西北,电子信息(大类),,较易
石河子大学,211,新疆,石河子,机械电气工程学院,085400,电子信息（不区分研究方向）,254,,,832电子技术,估算,https://www.eduego.com/school111/zhaosheng/61047.html,该学院单独细则未查到，按校线执行国家线B区推定；专业课来自专业目录,西北,电子信息(大类),,较易
贵州大学,211,贵州,贵阳,计算机科学与技术学院,085412,网络与信息安全,254,,,408计算机学科专业基础,媒体整理,https://noobdream.com/schoolinfo/3,2026年院线，等同B区国家线,西南,网络与信息安全,,较易
兰州交通大学,双非,甘肃,兰州,光电技术与智能控制教育部重点实验室,085400,电子信息(计算机技术方向),254,,,,院系官网,https://dxxy.lzjtu.edu.cn/info/1333/9869.htm,执行国家线B区254,西北,电子信息(大类),,较易
兰州交通大学,双非,甘肃,兰州,电子与信息工程学院,085400,电子信息(计算机技术方向),254,280,,,院系官网,https://dxxy.lzjtu.edu.cn/info/1333/9869.htm,第一志愿达B区国家线即可复试；2025年280分,西北,电子信息(大类),-26,较易
兰州交通大学,双非,甘肃,兰州,电子与信息工程学院,085402,通信工程(含宽带网络、移动通信等),254,,,,院系官网,https://dxxy.lzjtu.edu.cn/info/1333/9869.htm,执行国家线B区254,西北,通信工程,,较易
兰州交通大学,双非,甘肃,兰州,电子与信息工程学院,085403,集成电路工程,254,,15,826电路分析,院系官网,https://dxxy.lzjtu.edu.cn/info/1333/9869.htm,执行国家线B区254,西北,集成电路工程,,较易
兰州理工大学,双非,甘肃,兰州,计算机与人工智能学院,085402,通信工程(含宽带网络、移动通信等),254,,40,,院系官网,https://jizhi.lut.edu.cn/info/1302/12559.htm,执行国家线B区254,西北,通信工程,,较易
兰州理工大学,双非,甘肃,兰州,计算机与人工智能学院,085404,计算机技术,254,,,408计算机学科专业基础,院系官网,https://jizhi.lut.edu.cn/info/1302/12559.htm,执行国家线B区254；2026改考408,西北,计算机技术,,较易
兰州理工大学,双非,甘肃,兰州,计算机与人工智能学院,085410,人工智能,254,,,408计算机学科专业基础,院系官网,https://jizhi.lut.edu.cn/info/1302/12559.htm,执行国家线B区254,西北,人工智能,,较易
兰州理工大学,双非,甘肃,兰州,计算机与人工智能学院,085412,网络与信息安全,254,,42,408计算机学科专业基础,院系官网,https://jizhi.lut.edu.cn/info/1302/12559.htm,执行国家线B区254,西北,网络与信息安全,,较易
昆明理工大学,双非,云南,昆明,信息工程与自动化学院,085404,计算机技术,254,250,82,891计算机专业核心综合,官网,https://www.yanshuoshi.com/html/fsfsx/36704.html,B类国家线；非自划线专业按B类线执行,西南,计算机技术,4,较易
昆明理工大学,双非,云南,昆明,信息工程与自动化学院,085405,软件工程,254,250,,,官网,https://www.yanshuoshi.com/html/fsfsx/36704.html,B类国家线,西南,软件工程,4,较易
昆明理工大学,双非,云南,昆明,信息工程与自动化学院,085410,人工智能,254,250,,,官网,https://www.yanshuoshi.com/html/fsfsx/36704.html,B类国家线,西南,人工智能,4,较易
昆明理工大学,双非,云南,昆明,信息工程与自动化学院,085412,网络与信息安全,254,250,,,官网,https://www.yanshuoshi.com/html/fsfsx/36704.html,B类国家线,西南,网络与信息安全,4,较易
桂林电子科技大学,双非,广西,桂林,信息与通信学院,085401,新一代电子信息技术(含量子技术等),254,250,128,806电路、信号与系统,院系官网,https://www.guet.edu.cn/dept2/2026/0323/c948a150077/page.htm,四电之一；B类国家线；一志愿上线217人,华南,新一代电子信息技术,4,较易
桂林电子科技大学,双非,广西,桂林,信息与通信学院,085402,通信工程(含宽带网络、移动通信等),254,250,40,,院系官网,https://www.guet.edu.cn/dept2/2026/0323/c948a150077/page.htm,B类国家线,华南,通信工程,4,较易
桂林电子科技大学,双非,广西,桂林,信息与通信学院,085403,集成电路工程,254,250,25,,院系官网,https://www.guet.edu.cn/dept2/2026/0323/c948a150077/page.htm,B类国家线,华南,集成电路工程,4,较易
桂林电子科技大学,双非,广西,桂林,南宁研究院,085404,计算机技术,254,250,37,,院系官网,https://www.guet.edu.cn/nyy/2026/0322/c6276a149934/page.htm,异地研究院；B类国家线,华南,计算机技术,4,较易
桂林电子科技大学,双非,广西,桂林,南宁研究院,085405,软件工程,254,250,17,,院系官网,https://www.guet.edu.cn/nyy/2026/0322/c6276a149934/page.htm,异地研究院；B类国家线,华南,软件工程,4,较易
桂林电子科技大学,双非,广西,桂林,南宁研究院,085411,大数据技术与工程,254,250,21,,院系官网,https://www.guet.edu.cn/nyy/2026/0322/c6276a149934/page.htm,异地研究院；B类国家线,华南,大数据技术与工程,4,较易
桂林电子科技大学,双非,广西,桂林,南宁研究院,085412,网络与信息安全,254,250,22,,院系官网,https://www.guet.edu.cn/nyy/2026/0322/c6276a149934/page.htm,异地研究院；B类国家线,华南,网络与信息安全,4,较易
桂林电子科技大学,双非,广西,桂林,计算机与信息安全学院,085404,计算机技术,254,250,,,院系官网,https://www.guet.edu.cn/nyy/2026/0322/c6276a149934/page.htm,B类国家线；南宁研究院同类专业委托该学院复试,华南,计算机技术,4,较易
桂林电子科技大学,双非,广西,桂林,计算机与信息安全学院,085405,软件工程,254,250,,,院系官网,https://www.guet.edu.cn/nyy/2026/0322/c6276a149934/page.htm,B类国家线,华南,软件工程,4,较易
桂林电子科技大学,双非,广西,桂林,计算机与信息安全学院,085410,人工智能,254,250,,,院系官网,https://www.guet.edu.cn/nyy/2026/0322/c6276a149934/page.htm,B类国家线,华南,人工智能,4,较易
桂林电子科技大学,双非,广西,桂林,计算机与信息安全学院,085411,大数据技术与工程,254,250,,,院系官网,https://www.guet.edu.cn/nyy/2026/0322/c6276a149934/page.htm,B类国家线,华南,大数据技术与工程,4,较易
桂林电子科技大学,双非,广西,桂林,计算机与信息安全学院,085412,网络与信息安全,254,250,,,院系官网,https://www.guet.edu.cn/nyy/2026/0322/c6276a149934/page.htm,B类国家线,华南,网络与信息安全,4,较易
中南财经政法大学,211,湖北,武汉,信息工程学院,085404,计算机技术,,,,,未查到,https://xagx.zuel.edu.cn/2026/0321/c3402a425095/page.htm,学院2026年复试细则仅公布081200(271分)与120100各专业分数线，未列0854各专业分数线；该校设有0854电子信息专业学位点（含计算机技术、大数据技术与工程、人工智能、网络与信息安全方向）,华中,计算机技术,,未知
中南财经政法大学,211,湖北,武汉,信息工程学院,085410,人工智能,,,,,未查到,https://xagx.zuel.edu.cn/2026/0321/c3402a425095/page.htm,同上，2026年未公布0854各专业复试分数线,华中,人工智能,,未知
中南财经政法大学,211,湖北,武汉,信息工程学院,085411,大数据技术与工程,,,,,未查到,https://xagx.zuel.edu.cn/2026/0321/c3402a425095/page.htm,同上，2026年未公布0854各专业复试分数线,华中,大数据技术与工程,,未知
中南财经政法大学,211,湖北,武汉,信息工程学院,085412,网络与信息安全,,,,,未查到,https://xagx.zuel.edu.cn/2026/0321/c3402a425095/page.htm,同上，2026年未公布0854各专业复试分数线,华中,网络与信息安全,,未知
北京科技大学,211,北京,北京,智能科学与技术学院,085404,计算机技术,,,6,408 计算机学科专业基础,未查到,,各培养单位分别划线，该院分数线未查得,华北,计算机技术,,未知
北京科技大学,211,北京,北京,自动化学院,085406,控制工程,,,85,,未查到,,第三方称复试线约320，未获官方确认故不填,华北,控制工程,,未知
华北电力大学(北京),211,北京,北京,电气与电子工程学院,085401,新一代电子信息技术（非全日制）,,,,,未查到,https://electric.ncepu.edu.cn/yjsjy/yjszs/14b4bc5c49c24505aca8fda200d890be.htm,学院复试线指向学校统一基本要求页，085401/085402具体分值未查得,华北,新一代电子信息技术,,未知
华北电力大学(北京),211,北京,北京,电气与电子工程学院,085402,通信工程（含宽带网络、移动通信等）,,,,,未查到,https://electric.ncepu.edu.cn/yjsjy/yjszs/14b4bc5c49c24505aca8fda200d890be.htm,,华北,通信工程,,未知
南京农业大学,211,江苏,南京,工学院,085400,(03)智能检测与控制,,,3,829电路,未查到,https://www.ludengkaoyan.com/school78/qrz/zsml/189290.html,有招生但未查到复试线,华东,电子信息(大类),,未知
南京师范大学,211,江苏,南京,电气与自动化工程学院,085400,电子信息（01控制工程）,,,46,860自动控制原理,未查到,https://yjszs.njnu.edu.cn/,该校该专业2026年复试线未查到,华东,电子信息(大类),,未知
南昌大学,211,江西,南昌,信息工程学院,085401,新一代电子信息技术（含量子技术等）,,,53,811信号与系统,未查到,https://www.ludengkaoyan.com/school84/qrz/zsml/26688.html,2026年分学院复试线未查到,华东,新一代电子信息技术,,未知
合肥工业大学,211,安徽,合肥,集成电路创新学院,085401,新一代电子信息技术（含量子技术等）,,,19,,未查到,http://ic.hfut.edu.cn/info/1009/1309.htm,调剂要求总分≥320，一志愿复试线未查得,华东,新一代电子信息技术,,未知
天津医科大学,211,天津,天津,生物医学工程与技术学院,085400,不区分研究方向,,,6,408计算机学科专业基础,未查到,https://gs.tmu.edu.cn/2026/0320/c3145a86950/page.htm,校复试基本要求未按专业公示；一志愿进复试最低266分,华北,电子信息(大类),,未知
武汉理工大学,211,湖北,武汉,自动化学院,085400,(02) 控制工程,,,48,848 自动控制原理,未查到,,第三方汇总称复试线约382，未获官方确认故不填,华中,电子信息(大类),,未知
河北工业大学,211,天津,天津,人工智能与数据科学学院,085404,计算机技术,,,39,,未查到,https://yjs.hebut.edu.cn/zsgz/zlxz/7e2defc9ceed40eb9b9e8cb08923287f.htm,学校仅公示国家线与录取最低/最高分：国家线264，录取最低305、最高376；复试线未单列,华北,计算机技术,,未知
河北工业大学,211,天津,天津,人工智能与数据科学学院,085406,控制工程（01方向）,,,30,,未查到,https://yjs.hebut.edu.cn/zsgz/zlxz/7e2defc9ceed40eb9b9e8cb08923287f.htm,国家线264，录取最低315、最高394,华北,控制工程,,未知
河北工业大学,211,天津,天津,人工智能与数据科学学院,085406,控制工程（02方向 人工智能驱动的自动化）,,,6,,未查到,https://yjs.hebut.edu.cn/zsgz/zlxz/7e2defc9ceed40eb9b9e8cb08923287f.htm,国家线264，录取最低271、最高358,华北,控制工程,,未知
河北工业大学,211,天津,天津,人工智能与数据科学学院,085410,人工智能,,,51,408 计算机学科专业基础,未查到,https://yjs.hebut.edu.cn/zsgz/zlxz/7e2defc9ceed40eb9b9e8cb08923287f.htm,国家线264，录取最低279、最高367,华北,人工智能,,未知
河北工业大学,211,天津,天津,电子信息工程学院,085401,新一代电子信息技术（01 通信方向）,,,90,891 通信原理,未查到,https://yjs.hebut.edu.cn/zsgz/zlxz/7e2defc9ceed40eb9b9e8cb08923287f.htm,国家线264，复试线未单列,华北,新一代电子信息技术,,未知
河北工业大学,211,天津,天津,电子信息工程学院,085401,新一代电子信息技术（02 微电子/光电子方向）,,,24,892 模拟与数字电路,未查到,https://yjs.hebut.edu.cn/zsgz/zlxz/7e2defc9ceed40eb9b9e8cb08923287f.htm,国家线264，复试线未单列,华北,新一代电子信息技术,,未知
湖南师范大学,211,湖南,长沙,物理与电子科学学院,085408,光电信息工程,,,20,,官网复试方案,https://www.kaoyan.cn/news/269608,复试分数线执行国家A类地区分数线（2026年工学264分）；另有调剂计划13人,华中,光电信息工程,,未知
福州大学,211,福建,福州,计算机与大数据学院,085405,软件工程,,,,408计算机学科专业基础,未查到,https://noobdream.com/schoolinfo/53,2026年复试线未查到，拟录取最低分359,华东,软件工程,,未知
福州大学,211,福建,福州,计算机与大数据学院,085410,人工智能,,,25,408计算机学科专业基础,未查到,https://www.ludengkaoyan.com/school83/qrz/zsml/202279.html,2026年复试线未查到，拟录取最低分366,华东,人工智能,,未知
西南交通大学,211,四川,成都,信息科学与技术学院,085401,新一代电子信息技术（含量子技术等）,,,3,924 信号与系统,未查到,,统考计划仅3人，常年等额复试,西南,新一代电子信息技术,,未知
西南交通大学,211,四川,成都,信息科学与技术学院,085403,集成电路工程,,,8,861 电子技术基础,未查到,,,西南,集成电路工程,,未知
西南交通大学,211,四川,成都,信息科学与技术学院,085406,控制工程,,,,,未查到,,,西南,控制工程,,未知
西南交通大学,211,四川,成都,信息科学与技术学院,085408,光电信息工程,,,,,未查到,,,西南,光电信息工程,,未知
西南交通大学,211,四川,成都,信息科学与技术学院,085412,网络与信息安全,,,,,未查到,,,西南,网络与信息安全,,未知
西安电子科技大学,211,陕西,西安,信息力学与感知工程学院,085401,01 信息感知工程,,,9,,未查到,https://imse.xidian.edu.cn/info/1030/5701.htm,调剂分数线285，一志愿院线未查得,西北,新一代电子信息技术,,未知
西安电子科技大学,211,陕西,西安,卓越工程师学院（长三角基地/杭州研究院）,085400,085401/085402/085403/085404/085408/085412 各方向,,,,,未查到,https://hz.xidian.edu.cn/info/1003/35324.htm,官网细则表格未渲染；085401一志愿统考指标107，媒体称专硕约365分未采信,西北,电子信息(大类),,未知
西安电子科技大学,211,陕西,西安,空间科学与技术学院,085401,01 飞行器测控与导航制导,,,55,892 信号与线性系统,未查到,,统考计划55，院线未查得,西北,新一代电子信息技术,,未知
西安电子科技大学,211,陕西,西安,计算机科学与技术学院,085405,软件工程（全日制）,,,34,,未查到,,国家特色化示范性软件学院联合培养项目,西北,软件工程,,未知
西藏大学,211,西藏,拉萨,信息科学技术学院,085400,不区分方向,,,,,未查到,https://www.okaoyan.com/xicangdaxue/kaoyanfenshuxian_978936.html,公开分数线表中信息科学技术学院仅见081001/081002/081201-081203等学硕专业，未查到0854专硕招生及分数线,西南,电子信息(大类),,未知
上海交通大学,985,上海,上海,人工智能学院,085400,不区分方向,,,17,,未查到,https://yzb.sjtu.edu.cn/post/3334?page=,校线315；院系线未查到,华东,电子信息(大类),,未知
上海交通大学,985,上海,上海,溥渊未来技术学院,085400,不区分方向,,,12,,未查到,https://yzb.sjtu.edu.cn/post/3334?page=,校线315；院系线未查到,华东,电子信息(大类),,未知
上海交通大学,985,上海,上海,生物医学工程学院,085400,不区分方向,,,18,,未查到,https://yzb.sjtu.edu.cn/post/3334?page=,校线315；院系线未查到,华东,电子信息(大类),,未知
上海交通大学,985,上海,上海,计算机学院（网络空间安全学院、密码学院）,085400,计算机与大数据技术,,341,176,408计算机学科专业基础,未查到,https://www.cs.sjtu.edu.cn/bsyjs_zsgz/1481.html,2026年学院复试通知未公布分方向总分线表格；校线315,华东,电子信息(大类),,未知
上海交通大学,985,上海,上海,计算机学院（网络空间安全学院、密码学院）,085400,软件工程,,321,,,未查到,https://www.cs.sjtu.edu.cn/bsyjs_zsgz/1481.html,2026年学院复试通知未公布分方向总分线表格；校线315,华东,电子信息(大类),,未知
上海交通大学,985,上海,上海,计算机学院（网络空间安全学院、密码学院）,085400,网络空间安全,,314,,,未查到,https://www.cs.sjtu.edu.cn/bsyjs_zsgz/1481.html,2026年学院复试通知未公布分方向总分线表格；校线315,华东,电子信息(大类),,未知
中国科学技术大学,985,安徽,合肥,国家卓越工程师学院（先进技术研究院）,085400,集成电路工程方向（085403集成电路工程——集成电路设计与系统）,,,,,未查到,https://see.ustc.edu.cn/2026/0320/c37721a723710/page.htm,该方向分数线栏为空，官方未公布,华东,电子信息(大类),,未知
中山大学,985,广东,珠海,微电子科学与技术学院,085403,集成电路工程,,,,,未查到,,,华南,集成电路工程,,未知
中山大学,985,广东,广州,智能工程学院,085400,电子信息,,,,,未查到,,,华南,电子信息(大类),,未知
中山大学,985,广东,广州,系统科学与工程学院,085401,新一代电子信息技术（含量子技术等）,,,,,未查到,,,华南,新一代电子信息技术,,未知
北京大学,985,北京,北京,电子学院,085400,不区分方向,,,,,未查到,https://ele.pku.edu.cn/info/1232/5195.htm,学院仅公布学硕复试线（电子科学与技术355、信息与通信工程300），0854线未单列公布,华北,电子信息(大类),,未知
北京师范大学,985,北京,北京,人工智能学院,085400,人工智能,,,,408计算机学科专业基础,未查到,https://yz.bnu.edu.cn/detail/4d8c545c-ed55-4ca2-8cb9-56fb80b0e820,校线275；院系复试线未查到,华北,电子信息(大类),,未知
北京理工大学,985,北京,北京,自动化学院,085406,控制工程,,,,,未查到,,,华北,控制工程,,未知
北京理工大学,985,北京,北京,集成电路与电子学院,085401,新一代电子信息技术（含量子技术等）,,,,,未查到,,,华北,新一代电子信息技术,,未知
北京理工大学,985,北京,北京,集成电路与电子学院,085403,集成电路工程,,,,,未查到,,,华北,集成电路工程,,未知
北京航空航天大学,985,北京,北京,电子信息工程学院,085400,不区分方向,,,,,未查到,,,华北,电子信息(大类),,未知
北京航空航天大学,985,北京,北京,自动化科学与电气工程学院,085400,不区分方向,,,,,未查到,,,华北,电子信息(大类),,未知
北京航空航天大学,985,北京,北京,集成电路学院,085403,集成电路工程,,,,,未查到,,,华北,集成电路工程,,未知
南京大学,985,江苏,南京,电子科学与工程学院,085400,不区分方向,,,,,未查到,https://yzb.nju.edu.cn/9c/f9/c47863a826617/page.htm,校线320；院系0854复试线未查到,华东,电子信息(大类),,未知
厦门大学,985,福建,厦门,信息学院,085412,网络与信息安全,,,,,未查到,https://zs.xmu.edu.cn/info/1174/35512.htm,校线中网络与信息安全[085412]单列，未查到具体分数,华东,网络与信息安全,,未知
哈尔滨工业大学,985,黑龙江,哈尔滨,仪器科学与工程学院,085400,不区分方向,,,,,未查到,,,东北,电子信息(大类),,未知
哈尔滨工业大学,985,黑龙江,哈尔滨,航天学院,085400,光电子方向,,,,,未查到,,,东北,电子信息(大类),,未知
国防科技大学,985,湖南,长沙,—,085400,不区分方向,,,,,未查到,https://yjszs.nudt.edu.cn/pubweb/homePageList/detailed.view?keyId=14776,军校，数据不公开,华中,电子信息(大类),,未知
大连理工大学,985,辽宁,大连,人工智能学院,085410,人工智能,,,,,未查到,,,东北,人工智能,,未知
大连理工大学,985,辽宁,大连,软件学院,085405,软件工程,,,,,未查到,,,东北,软件工程,,未知
武汉大学,985,湖北,武汉,测绘遥感信息工程国家重点实验室,085400,电子信息,,,,,未查到,,,华中,电子信息(大类),,未知
武汉大学,985,湖北,武汉,电气与自动化学院,085406,控制工程,,,,,未查到,,,华中,控制工程,,未知
浙江大学,985,浙江,杭州,信息与电子工程学院,085400,新一代电子信息技术,,,44,,未查到,http://www.isee.zju.edu.cn/2026/0319/c21109a3142086/page.htm,学院按1:1.3差额确定复试名单，未公布具体总分线,华东,电子信息(大类),,未知
西北农林科技大学,985,陕西,咸阳市（杨凌）,信息工程学院,085410,人工智能,,284,19,408 计算机学科专业基础,未查到,https://cie.nwafu.edu.cn/dtytz/tzgg/e64ac077e24545878e48a82e1a76847d.htm,学院方案未公布具体分数线；整理资料记为国家线附近（264），未确认,西北,人工智能,,未知
重庆大学,985,重庆,重庆,光电工程学院,085400,电子信息,,,,832 电子技术一（模电+数电）,未查到,https://yz.cqu.edu.cn/news/2026-03/2462.html,媒体分别记为315/320，未确认。校线310,西南,电子信息(大类),,未知
重庆大学,985,重庆,重庆,微电子与通信工程学院,085400,电子信息,,325,63,841 信号与系统,未查到,https://yz.cqu.edu.cn/news/2026-03/2513.html,官方细则未列分数线；媒体分别记为310（与校线持平）/320/330，未确认。校线310,西南,电子信息(大类),,未知
宁波大学,双一流,浙江,宁波,信息科学与工程学院,085402,通信工程(含宽带网络、移动通信等),,,35,829 信号与系统,未查到,https://graduate.nbu.edu.cn/info/1073/27031.htm,学校只公布国家线+差额比例规则，未公布该方向具体院线；2026年专业目录拟招35人（不含推免）,华东,通信工程,,未知
宁波大学,双一流,浙江,宁波,信息科学与工程学院,085403,集成电路工程,,,63,829 信号与系统,未查到,https://graduate.nbu.edu.cn/info/1073/27031.htm,学校未公布该方向具体院线；2026年专业目录拟招63人（不含推免）,华东,集成电路工程,,未知
宁波大学,双一流,浙江,宁波,信息科学与工程学院,085406,控制工程,,,,,未查到,https://graduate.nbu.edu.cn/info/1073/27031.htm,学校未公布该方向具体院线,华东,控制工程,,未知
宁波大学,双一流,浙江,宁波,信息科学与工程学院,085408,光电信息工程,,,,,未查到,https://graduate.nbu.edu.cn/info/1073/27031.htm,学校未公布该方向具体院线,华东,光电信息工程,,未知
西安邮电大学,双非,陕西,西安,计算机学院,085404,计算机技术,,,,,未查到,,学院实施细则未检索到，待补,西北,计算机技术,,未知
青岛大学,双非,山东,青岛,电子信息学院,085401,新一代电子信息技术(含量子技术等),,,22,837电子线路(数电与模电),未查到,https://dzxxxy.qdu.edu.cn/info/1053/4173.htm,学院复试方案未公布分数线分值，校方称在国家线基础上划定,华东,新一代电子信息技术,,未知
青岛大学,双非,山东,青岛,自动化学院,085406,控制工程,,,,,未查到,https://grad.qdu.edu.cn/info/1118/4461.htm,院线未公开,华东,控制工程,,未知
青岛大学,双非,山东,青岛,计算机科学技术学院,085404,计算机技术,,,17,408计算机学科专业基础,未查到,https://grad.qdu.edu.cn/info/1118/4461.htm,2026起计算机学院改考408；院线未公开,华东,计算机技术,,未知
